transaction_id,user_id,description,amount_inr,category,date,month,year
TXN334053,U00001,Swiggy order,2608.35,Food,2024-05-05,5,2024
TXN191161,U00001,Ola cab,2384.61,Transport,2024-10-06,10,2024
TXN329258,U00001,Theme park,159.65,Entertainment,2024-02-17,2,2024
TXN308496,U00001,Flight booking,2126.96,Transport,2024-10-14,10,2024
TXN717889,U00001,Eye checkup,1497.34,Health,2024-08-17,8,2024
TXN832052,U00001,Electricity bill,2667.89,Bills,2024-03-22,3,2024
TXN900581,U00001,Mall shopping,1008.66,Shopping,2024-04-20,4,2024
TXN476417,U00001,Internet broadband,369.97,Bills,2024-02-19,2,2024
TXN865179,U00001,Cable TV,962.6,Bills,2024-01-23,1,2024
TXN182627,U00001,Household items,480.65,Shopping,2024-07-12,7,2024
TXN479201,U00001,Concert tickets,2911.45,Entertainment,2024-11-12,11,2024
TXN793384,U00001,Gaming purchase,2480.77,Entertainment,2024-01-24,1,2024
TXN205907,U00001,Rapido bike,3449.01,Transport,2024-04-29,4,2024
TXN270555,U00001,Electronics buy,1614.27,Shopping,2024-07-05,7,2024
TXN835911,U00001,DTH recharge,772.8,Bills,2024-05-16,5,2024
TXN660086,U00001,Medicine pharmacy,2151.5,Health,2024-03-28,3,2024
TXN383060,U00001,Doctor consultation,613.74,Health,2024-07-13,7,2024
TXN983794,U00001,Eye checkup,807.67,Health,2024-06-15,6,2024
TXN520651,U00001,Grocery store,2885.22,Food,2024-06-10,6,2024
TXN852787,U00001,Internet broadband,777.89,Bills,2024-10-17,10,2024
TXN774079,U00001,Water bill,2311.26,Bills,2024-07-21,7,2024
TXN881177,U00001,Clothes shopping,963.84,Shopping,2024-05-06,5,2024
TXN549245,U00001,Hotstar subscription,956.46,Entertainment,2024-10-26,10,2024
TXN634277,U00001,Theme park,1298.89,Entertainment,2024-03-11,3,2024
TXN260265,U00001,Flipkart order,2657.45,Shopping,2024-02-26,2,2024
TXN725380,U00001,Gym membership,2782.67,Health,2024-08-04,8,2024
TXN654816,U00001,Bakery snacks,1366.59,Food,2024-08-27,8,2024
TXN813328,U00001,Wifi bill,3019.69,Bills,2024-01-06,1,2024
TXN887352,U00001,Medicine pharmacy,2401.9,Health,2024-10-01,10,2024
TXN265840,U00001,DTH recharge,434.85,Bills,2024-08-10,8,2024
TXN624902,U00001,Amazon purchase,3340.66,Shopping,2024-05-14,5,2024
TXN412942,U00001,Flight booking,3198.57,Transport,2024-11-16,11,2024
TXN492077,U00001,Eye checkup,2150.95,Health,2024-03-19,3,2024
TXN100599,U00001,Flight booking,3339.57,Transport,2024-09-28,9,2024
TXN480612,U00001,Amazon Prime,1735.69,Entertainment,2024-02-27,2,2024
TXN182582,U00001,Water bill,249.84,Bills,2024-10-17,10,2024
TXN903035,U00001,Vegetable market,2865.28,Food,2024-09-29,9,2024
TXN273148,U00001,Metro card recharge,2326.14,Transport,2024-10-08,10,2024
TXN322086,U00001,Wifi bill,3059.89,Bills,2024-08-04,8,2024
TXN804314,U00001,Gaming purchase,2509.67,Entertainment,2024-07-23,7,2024
TXN226882,U00002,Property tax,3153.67,Bills,2024-08-19,8,2024
TXN716886,U00002,Petrol fuel,270.89,Transport,2024-01-11,1,2024
TXN174441,U00002,Gaming purchase,2080.12,Entertainment,2024-01-04,1,2024
TXN446479,U00002,Hospital visit,839.85,Health,2024-01-17,1,2024
TXN608993,U00002,Milk dairy,871.12,Food,2024-12-08,12,2024
TXN704201,U00002,Flight booking,506.48,Transport,2024-10-19,10,2024
TXN299659,U00002,Shoes purchase,2756.94,Shopping,2024-07-27,7,2024
TXN544154,U00002,Zomato delivery,2323.49,Food,2024-06-30,6,2024
TXN806073,U00002,Sports gear,3030.24,Shopping,2024-01-28,1,2024
TXN939482,U00002,Medicine pharmacy,259.11,Health,2024-06-22,6,2024
TXN570405,U00002,Grocery store,710.99,Food,2024-10-01,10,2024
TXN361941,U00002,Auto rickshaw,683.03,Transport,2024-08-24,8,2024
TXN202664,U00002,Vegetable market,2837.68,Food,2024-10-08,10,2024
TXN890170,U00002,Milk dairy,2934.3,Food,2024-02-17,2,2024
TXN324130,U00002,Metro card recharge,1452.13,Transport,2024-09-03,9,2024
TXN509386,U00002,Amazon purchase,618.0,Shopping,2024-01-02,1,2024
TXN865990,U00002,Property tax,1034.11,Bills,2024-12-22,12,2024
TXN328275,U00002,Books purchase,584.05,Entertainment,2024-05-31,5,2024
TXN884309,U00002,Street food,2588.29,Food,2024-02-01,2,2024
TXN627276,U00002,Electricity bill,222.99,Bills,2024-09-01,9,2024
TXN184002,U00002,Spotify music,246.23,Entertainment,2024-09-17,9,2024
TXN346629,U00002,Ola cab,2102.87,Transport,2024-12-11,12,2024
TXN358175,U00002,Flipkart order,3298.51,Shopping,2024-10-18,10,2024
TXN539589,U00002,Bowling night,187.11,Entertainment,2024-02-11,2,2024
TXN373432,U00002,Vitamin supplements,2000.03,Health,2024-06-10,6,2024
TXN237235,U00002,Bus ticket,873.47,Transport,2024-07-21,7,2024
TXN109767,U00002,Dental checkup,1627.42,Health,2024-02-07,2,2024
TXN176819,U00002,Accessories,3494.67,Shopping,2024-02-21,2,2024
TXN465962,U00002,Gaming purchase,1795.3,Entertainment,2024-03-08,3,2024
TXN559469,U00002,Grocery store,1324.87,Food,2024-03-21,3,2024
TXN654634,U00002,Concert tickets,2160.29,Entertainment,2024-11-30,11,2024
TXN208618,U00002,Milk dairy,1082.86,Food,2024-12-05,12,2024
TXN878480,U00002,Rapido bike,448.23,Transport,2024-02-24,2,2024
TXN320861,U00002,Spotify music,989.6,Entertainment,2024-11-05,11,2024
TXN994343,U00002,Health insurance,752.41,Health,2024-11-20,11,2024
TXN196781,U00002,Wifi bill,1735.43,Bills,2024-01-27,1,2024
TXN103717,U00002,Yoga class,2911.25,Health,2024-01-23,1,2024
TXN269430,U00002,Mobile recharge,2248.04,Bills,2024-05-14,5,2024
TXN688153,U00002,Lab test,1953.3,Health,2024-08-06,8,2024
TXN256294,U00002,Zomato delivery,309.59,Food,2024-12-19,12,2024
TXN550664,U00003,Dominos pizza,2059.66,Food,2024-03-16,3,2024
TXN475190,U00003,Uber ride,1113.49,Transport,2024-01-21,1,2024
TXN918011,U00003,Petrol fuel,2350.92,Transport,2024-06-30,6,2024
TXN348237,U00003,Theme park,3409.74,Entertainment,2024-03-20,3,2024
TXN288073,U00003,Metro card recharge,3090.89,Transport,2024-01-13,1,2024
TXN941204,U00003,Health insurance,2749.23,Health,2024-07-29,7,2024
TXN213346,U00003,Doctor consultation,970.48,Health,2024-12-25,12,2024
TXN309267,U00003,Amazon purchase,3012.15,Shopping,2024-04-23,4,2024
TXN333752,U00003,Mall shopping,1102.91,Shopping,2024-04-26,4,2024
TXN172792,U00003,Grocery store,1424.71,Food,2024-05-22,5,2024
TXN812526,U00003,DTH recharge,2263.11,Bills,2024-07-23,7,2024
TXN373903,U00003,Amazon Prime,3290.37,Entertainment,2024-02-29,2,2024
TXN140115,U00003,Toll charge,3370.74,Transport,2024-05-15,5,2024
TXN557592,U00003,Street food,1549.24,Food,2024-06-09,6,2024
TXN299312,U00003,Hotstar subscription,448.98,Entertainment,2024-10-22,10,2024
TXN645175,U00003,Electricity bill,2495.31,Bills,2024-01-01,1,2024
TXN796503,U00003,Gaming purchase,1306.56,Entertainment,2024-02-05,2,2024
TXN854717,U00003,Cable TV,1133.01,Bills,2024-03-04,3,2024
TXN442027,U00003,Wifi bill,1117.03,Bills,2024-07-28,7,2024
TXN540869,U00003,Electronics buy,1962.72,Shopping,2024-04-08,4,2024
TXN745414,U00003,Yoga class,2386.75,Health,2024-03-30,3,2024
TXN418635,U00003,Concert tickets,1450.96,Entertainment,2024-01-01,1,2024
TXN736130,U00003,Water bill,1533.11,Bills,2024-10-23,10,2024
TXN808446,U00003,Health insurance,1654.21,Health,2024-08-14,8,2024
TXN790855,U00003,Flight booking,1682.49,Transport,2024-03-27,3,2024
TXN749342,U00003,Cafe coffee,1828.31,Food,2024-11-20,11,2024
TXN805477,U00003,Internet broadband,2873.56,Bills,2024-04-30,4,2024
TXN125611,U00003,Water bill,2832.64,Bills,2024-03-16,3,2024
TXN991014,U00003,Grocery store,3444.58,Food,2024-11-08,11,2024
TXN703634,U00003,Vegetable market,1479.82,Food,2024-11-18,11,2024
TXN254739,U00003,Auto rickshaw,1755.6,Transport,2024-05-04,5,2024
TXN916232,U00003,Hospital visit,3129.68,Health,2024-02-24,2,2024
TXN643118,U00003,Shoes purchase,656.81,Shopping,2024-12-22,12,2024
TXN578634,U00003,Amazon purchase,1973.05,Shopping,2024-03-03,3,2024
TXN724377,U00003,Train ticket,2353.14,Transport,2024-10-13,10,2024
TXN547470,U00003,Property tax,2163.65,Bills,2024-09-15,9,2024
TXN571932,U00003,Books purchase,3145.37,Entertainment,2024-08-31,8,2024
TXN608136,U00004,Rapido bike,2692.06,Transport,2024-09-23,9,2024
TXN848206,U00004,Doctor consultation,997.36,Health,2024-02-09,2,2024
TXN666390,U00004,Water bill,987.42,Bills,2024-06-12,6,2024
TXN827659,U00004,Restaurant dinner,570.37,Food,2024-07-15,7,2024
TXN446954,U00004,Petrol fuel,271.59,Transport,2024-07-27,7,2024
TXN973349,U00004,Books purchase,1484.42,Entertainment,2024-04-15,4,2024
TXN829308,U00004,Myntra fashion,3171.69,Shopping,2024-10-26,10,2024
TXN468845,U00004,Street food,1362.31,Food,2024-01-04,1,2024
TXN664365,U00004,Insurance premium,2994.4,Bills,2024-08-02,8,2024
TXN611945,U00004,Eye checkup,2809.55,Health,2024-04-22,4,2024
TXN507746,U00004,Rapido bike,1553.63,Transport,2024-01-15,1,2024
TXN233827,U00004,Insurance premium,2548.43,Bills,2024-08-27,8,2024
TXN720644,U00004,Hotstar subscription,143.03,Entertainment,2024-07-20,7,2024
TXN242291,U00004,Netflix subscription,339.62,Entertainment,2024-08-07,8,2024
TXN443254,U00004,Clothes shopping,223.48,Shopping,2024-07-13,7,2024
TXN391773,U00004,Train ticket,1177.62,Transport,2024-07-13,7,2024
TXN120324,U00004,Electronics buy,2930.44,Shopping,2024-08-28,8,2024
TXN335113,U00004,Eye checkup,229.7,Health,2024-06-28,6,2024
TXN142213,U00004,Medicine pharmacy,2745.25,Health,2024-11-29,11,2024
TXN751517,U00004,Grocery store,737.79,Food,2024-01-11,1,2024
TXN219946,U00004,Petrol fuel,485.46,Transport,2024-12-08,12,2024
TXN904150,U00004,Gaming purchase,1654.37,Entertainment,2024-05-11,5,2024
TXN915573,U00004,Mobile recharge,2140.33,Bills,2024-02-28,2,2024
TXN427110,U00004,Rapido bike,422.94,Transport,2024-01-14,1,2024
TXN179688,U00004,Theme park,1418.46,Entertainment,2024-04-11,4,2024
TXN991597,U00004,Gaming purchase,401.56,Entertainment,2024-06-03,6,2024
TXN920652,U00004,Vitamin supplements,2829.07,Health,2024-10-16,10,2024
TXN488571,U00004,Dominos pizza,1887.97,Food,2024-12-04,12,2024
TXN962276,U00005,Amazon Prime,93.65,Entertainment,2024-08-03,8,2024
TXN766459,U00005,Flipkart order,1545.66,Shopping,2024-07-04,7,2024
TXN782054,U00005,Clothes shopping,1552.43,Shopping,2024-09-24,9,2024
TXN912270,U00005,Cable TV,2838.29,Bills,2024-10-02,10,2024
TXN381433,U00005,Sports gear,1552.73,Shopping,2024-10-30,10,2024
TXN392477,U00005,Water bill,2916.02,Bills,2024-02-14,2,2024
TXN739979,U00005,Shoes purchase,2639.14,Shopping,2024-10-18,10,2024
TXN992288,U00005,Yoga class,1210.57,Health,2024-09-10,9,2024
TXN936587,U00005,Mobile recharge,1732.05,Bills,2024-06-30,6,2024
TXN835244,U00005,DTH recharge,1014.82,Bills,2024-11-01,11,2024
TXN189771,U00005,Wifi bill,85.02,Bills,2024-04-07,4,2024
TXN824156,U00005,Auto rickshaw,1735.59,Transport,2024-05-03,5,2024
TXN197573,U00005,Sports gear,1596.2,Shopping,2024-01-09,1,2024
TXN421080,U00005,Water bill,1445.18,Bills,2024-05-04,5,2024
TXN656711,U00005,Vitamin supplements,1323.12,Health,2024-10-10,10,2024
TXN446859,U00005,Insurance premium,3488.38,Bills,2024-10-08,10,2024
TXN341736,U00005,Property tax,984.66,Bills,2024-05-08,5,2024
TXN899213,U00005,Grocery store,1138.64,Food,2024-10-01,10,2024
TXN389930,U00005,Gym membership,710.82,Health,2024-09-04,9,2024
TXN725780,U00005,Vitamin supplements,3419.29,Health,2024-09-25,9,2024
TXN338533,U00005,Internet broadband,2922.57,Bills,2024-05-31,5,2024
TXN660081,U00005,Mobile recharge,1092.82,Bills,2024-12-28,12,2024
TXN406327,U00006,Electricity bill,3411.32,Bills,2024-10-10,10,2024
TXN207570,U00006,Gym membership,2250.65,Health,2024-09-08,9,2024
TXN561865,U00006,Street food,1030.97,Food,2024-09-02,9,2024
TXN600935,U00006,Mobile recharge,3380.97,Bills,2024-05-09,5,2024
TXN705050,U00006,Zomato delivery,1432.44,Food,2024-02-07,2,2024
TXN418594,U00006,Hospital visit,573.46,Health,2024-10-15,10,2024
TXN735770,U00006,Grocery store,458.66,Food,2024-08-01,8,2024
TXN498855,U00006,Bowling night,828.62,Entertainment,2024-09-24,9,2024
TXN549660,U00006,Sports gear,1075.87,Shopping,2024-10-28,10,2024
TXN876039,U00006,Cable TV,2192.54,Bills,2024-11-08,11,2024
TXN792509,U00006,Grocery store,2208.03,Food,2024-05-15,5,2024
TXN178711,U00006,Restaurant dinner,877.53,Food,2024-10-09,10,2024
TXN722656,U00006,Uber ride,1459.39,Transport,2024-12-18,12,2024
TXN841296,U00006,Electronics buy,162.61,Shopping,2024-05-27,5,2024
TXN377405,U00006,Property tax,295.57,Bills,2024-04-29,4,2024
TXN545790,U00006,Vitamin supplements,2331.08,Health,2024-04-11,4,2024
TXN378535,U00006,Milk dairy,825.59,Food,2024-03-17,3,2024
TXN723948,U00006,Ola cab,255.75,Transport,2024-06-06,6,2024
TXN230394,U00006,Vitamin supplements,3228.11,Health,2024-08-12,8,2024
TXN624783,U00006,Electronics buy,2464.08,Shopping,2024-05-19,5,2024
TXN141797,U00006,Books purchase,1560.27,Entertainment,2024-11-02,11,2024
TXN195763,U00006,Mall shopping,2132.81,Shopping,2024-01-14,1,2024
TXN901909,U00006,Toll charge,2075.57,Transport,2024-01-11,1,2024
TXN593355,U00006,Dental checkup,2038.05,Health,2024-03-30,3,2024
TXN713762,U00007,Lab test,3210.45,Health,2024-04-02,4,2024
TXN464863,U00007,Sports gear,3393.24,Shopping,2024-08-28,8,2024
TXN999398,U00007,Mall shopping,1157.65,Shopping,2024-02-23,2,2024
TXN402218,U00007,Bus ticket,1470.18,Transport,2024-09-10,9,2024
TXN138479,U00007,Yoga class,2856.8,Health,2024-10-08,10,2024
TXN221552,U00007,Flipkart order,1135.08,Shopping,2024-06-14,6,2024
TXN789606,U00007,Household items,2896.0,Shopping,2024-01-01,1,2024
TXN643623,U00007,Books purchase,1475.7,Entertainment,2024-04-06,4,2024
TXN563513,U00007,Cable TV,2659.73,Bills,2024-11-16,11,2024
TXN402020,U00007,Grocery store,971.34,Food,2024-03-08,3,2024
TXN738448,U00007,Sports gear,468.92,Shopping,2024-11-18,11,2024
TXN679077,U00007,Metro card recharge,1122.09,Transport,2024-01-08,1,2024
TXN583863,U00007,Flipkart order,825.22,Shopping,2024-02-28,2,2024
TXN633590,U00007,Restaurant dinner,1769.4,Food,2024-05-29,5,2024
TXN595158,U00007,Dental checkup,1483.44,Health,2024-09-04,9,2024
TXN299869,U00007,Train ticket,1951.86,Transport,2024-07-15,7,2024
TXN173201,U00007,Hotstar subscription,2624.71,Entertainment,2024-03-10,3,2024
TXN380150,U00007,Insurance premium,1222.57,Bills,2024-09-16,9,2024
TXN708093,U00007,Cafe coffee,2554.88,Food,2024-10-27,10,2024
TXN664742,U00007,Lab test,3035.15,Health,2024-08-16,8,2024
TXN495533,U00007,Mall shopping,1196.92,Shopping,2024-10-05,10,2024
TXN350405,U00007,Mall shopping,3050.13,Shopping,2024-12-23,12,2024
TXN145767,U00007,Theme park,855.79,Entertainment,2024-07-29,7,2024
TXN504832,U00007,Property tax,2483.04,Bills,2024-07-14,7,2024
TXN232378,U00007,Gym membership,1758.88,Health,2024-01-19,1,2024
TXN986088,U00007,Bowling night,1195.38,Entertainment,2024-02-21,2,2024
TXN116093,U00007,Flipkart order,1864.53,Shopping,2024-08-21,8,2024
TXN261859,U00007,Gym membership,1464.43,Health,2024-12-01,12,2024
TXN455007,U00007,Vegetable market,2746.26,Food,2024-05-15,5,2024
TXN993744,U00007,Theme park,2291.94,Entertainment,2024-06-17,6,2024
TXN757246,U00007,Eye checkup,1361.03,Health,2024-06-11,6,2024
TXN747453,U00007,Lab test,3059.72,Health,2024-01-19,1,2024
TXN338536,U00007,Grocery store,2227.51,Food,2024-05-27,5,2024
TXN897305,U00007,Medicine pharmacy,1547.2,Health,2024-02-20,2,2024
TXN414012,U00007,Medicine pharmacy,1580.69,Health,2024-12-21,12,2024
TXN407618,U00007,Swiggy order,1169.09,Food,2024-01-29,1,2024
TXN532067,U00008,Insurance premium,552.22,Bills,2024-09-28,9,2024
TXN739098,U00008,Spotify music,636.44,Entertainment,2024-02-10,2,2024
TXN711484,U00008,Accessories,2406.81,Shopping,2024-09-11,9,2024
TXN581894,U00008,Petrol fuel,1640.97,Transport,2024-05-10,5,2024
TXN401603,U00008,Electricity bill,3151.23,Bills,2024-08-26,8,2024
TXN462351,U00008,Eye checkup,595.02,Health,2024-08-14,8,2024
TXN823846,U00008,Concert tickets,2254.34,Entertainment,2024-08-05,8,2024
TXN503380,U00008,Property tax,2966.3,Bills,2024-04-11,4,2024
TXN476395,U00008,Flipkart order,868.36,Shopping,2024-10-19,10,2024
TXN123005,U00008,Concert tickets,3474.79,Entertainment,2024-05-31,5,2024
TXN819112,U00008,Yoga class,996.96,Health,2024-10-16,10,2024
TXN973294,U00008,Hospital visit,3191.63,Health,2024-09-11,9,2024
TXN329642,U00008,Water bill,2144.37,Bills,2024-06-29,6,2024
TXN892280,U00008,Doctor consultation,2192.07,Health,2024-12-13,12,2024
TXN777737,U00008,Gym membership,2217.46,Health,2024-11-17,11,2024
TXN707727,U00008,Cafe coffee,2770.71,Food,2024-01-18,1,2024
TXN442589,U00008,Mobile recharge,360.96,Bills,2024-05-31,5,2024
TXN924718,U00008,Yoga class,655.96,Health,2024-03-08,3,2024
TXN970813,U00008,Amazon Prime,1881.44,Entertainment,2024-05-19,5,2024
TXN945664,U00008,Rapido bike,3203.47,Transport,2024-09-03,9,2024
TXN178957,U00008,DTH recharge,2824.6,Bills,2024-08-27,8,2024
TXN516716,U00008,Petrol fuel,3017.49,Transport,2024-12-11,12,2024
TXN114594,U00008,Amazon Prime,361.54,Entertainment,2024-07-21,7,2024
TXN805511,U00008,Wifi bill,476.38,Bills,2024-07-07,7,2024
TXN489518,U00008,Dental checkup,2066.73,Health,2024-11-22,11,2024
TXN688678,U00008,Grocery store,1676.6,Food,2024-11-13,11,2024
TXN766269,U00008,Cable TV,813.72,Bills,2024-02-02,2,2024
TXN246566,U00008,Electronics buy,2289.88,Shopping,2024-02-29,2,2024
TXN221761,U00008,Swiggy order,1100.06,Food,2024-09-09,9,2024
TXN507524,U00008,Grocery store,3111.04,Food,2024-03-10,3,2024
TXN666432,U00008,Mall shopping,2363.18,Shopping,2024-12-22,12,2024
TXN203831,U00009,Spotify music,3104.68,Entertainment,2024-12-01,12,2024
TXN134305,U00009,Accessories,1458.0,Shopping,2024-05-23,5,2024
TXN347582,U00009,Health insurance,799.58,Health,2024-08-15,8,2024
TXN670913,U00009,Internet broadband,3434.2,Bills,2024-07-07,7,2024
TXN299028,U00009,Health insurance,258.9,Health,2024-05-21,5,2024
TXN772875,U00009,Vegetable market,366.27,Food,2024-04-18,4,2024
TXN925013,U00009,Vitamin supplements,3400.27,Health,2024-01-26,1,2024
TXN315173,U00009,Water bill,3461.43,Bills,2024-10-16,10,2024
TXN952547,U00009,Milk dairy,764.69,Food,2024-04-20,4,2024
TXN102973,U00009,Bus ticket,2721.57,Transport,2024-11-01,11,2024
TXN362829,U00009,Mobile recharge,3456.97,Bills,2024-10-03,10,2024
TXN238205,U00009,Ola cab,2330.65,Transport,2024-01-14,1,2024
TXN717457,U00009,Dominos pizza,2775.45,Food,2024-05-01,5,2024
TXN232915,U00009,Electricity bill,651.15,Bills,2024-01-27,1,2024
TXN599380,U00009,Yoga class,1865.0,Health,2024-02-02,2,2024
TXN573962,U00009,Mall shopping,1820.67,Shopping,2024-02-25,2,2024
TXN862569,U00009,Gaming purchase,3311.68,Entertainment,2024-01-23,1,2024
TXN132663,U00009,Eye checkup,1090.62,Health,2024-11-25,11,2024
TXN819425,U00009,Vegetable market,2973.18,Food,2024-08-06,8,2024
TXN177060,U00009,Vegetable market,2507.78,Food,2024-08-15,8,2024
TXN232321,U00009,Dominos pizza,2148.63,Food,2024-02-03,2,2024
TXN846746,U00009,Cable TV,2234.11,Bills,2024-10-07,10,2024
TXN409222,U00009,Insurance premium,3481.47,Bills,2024-09-28,9,2024
TXN931621,U00009,Household items,2138.72,Shopping,2024-02-20,2,2024
TXN906315,U00009,Medicine pharmacy,2992.13,Health,2024-11-29,11,2024
TXN533914,U00009,Gaming purchase,1533.74,Entertainment,2024-04-26,4,2024
TXN427730,U00009,Property tax,1425.62,Bills,2024-02-18,2,2024
TXN260053,U00009,Mall shopping,2344.62,Shopping,2024-07-10,7,2024
TXN197758,U00009,Lab test,281.61,Health,2024-02-13,2,2024
TXN951201,U00009,Flipkart order,2618.83,Shopping,2024-07-09,7,2024
TXN688967,U00009,Flight booking,256.93,Transport,2024-10-14,10,2024
TXN886730,U00009,Internet broadband,1467.29,Bills,2024-12-06,12,2024
TXN427626,U00009,Amazon purchase,3390.98,Shopping,2024-11-03,11,2024
TXN788637,U00010,Street food,1800.57,Food,2024-03-20,3,2024
TXN986438,U00010,Shoes purchase,2973.1,Shopping,2024-06-28,6,2024
TXN701987,U00010,Amazon Prime,446.35,Entertainment,2024-05-22,5,2024
TXN743378,U00010,Auto rickshaw,2965.79,Transport,2024-11-14,11,2024
TXN969752,U00010,Eye checkup,140.58,Health,2024-12-02,12,2024
TXN836833,U00010,Dental checkup,149.89,Health,2024-05-19,5,2024
TXN250210,U00010,DTH recharge,1261.03,Bills,2024-04-02,4,2024
TXN132146,U00010,Theme park,290.07,Entertainment,2024-11-20,11,2024
TXN575682,U00010,Milk dairy,792.21,Food,2024-08-02,8,2024
TXN914571,U00010,Mobile recharge,1326.68,Bills,2024-06-15,6,2024
TXN263137,U00010,Bowling night,343.1,Entertainment,2024-01-27,1,2024
TXN385320,U00010,Toll charge,221.68,Transport,2024-02-11,2,2024
TXN534303,U00010,Myntra fashion,1725.53,Shopping,2024-08-14,8,2024
TXN461939,U00010,Water bill,2654.55,Bills,2024-02-28,2,2024
TXN721946,U00010,Flipkart order,1027.2,Shopping,2024-12-13,12,2024
TXN331230,U00010,Household items,2351.61,Shopping,2024-01-24,1,2024
TXN416061,U00010,Accessories,239.0,Shopping,2024-04-14,4,2024
TXN444061,U00010,Metro card recharge,2686.36,Transport,2024-05-28,5,2024
TXN284229,U00010,Swiggy order,1765.98,Food,2024-08-08,8,2024
TXN624563,U00010,Auto rickshaw,1887.41,Transport,2024-04-27,4,2024
TXN557409,U00010,Amazon Prime,298.66,Entertainment,2024-01-22,1,2024
TXN703727,U00010,Vegetable market,3228.01,Food,2024-06-09,6,2024
TXN537983,U00010,Accessories,1445.26,Shopping,2024-11-23,11,2024
TXN280222,U00010,Internet broadband,1447.36,Bills,2024-06-15,6,2024
TXN192410,U00010,Books purchase,2920.49,Entertainment,2024-07-04,7,2024
TXN519902,U00010,Flipkart order,889.44,Shopping,2024-10-28,10,2024
TXN882033,U00010,Movie tickets,1415.4,Entertainment,2024-06-07,6,2024
TXN180089,U00010,Water bill,1199.09,Bills,2024-03-27,3,2024
TXN913934,U00010,Movie tickets,1880.59,Entertainment,2024-04-09,4,2024
TXN954628,U00010,DTH recharge,2559.46,Bills,2024-11-26,11,2024
TXN306854,U00010,Petrol fuel,404.68,Transport,2024-05-11,5,2024
TXN179013,U00011,Spotify music,2672.74,Entertainment,2024-12-01,12,2024
TXN896788,U00011,Train ticket,1650.64,Transport,2024-10-15,10,2024
TXN774225,U00011,Books purchase,2399.91,Entertainment,2024-10-16,10,2024
TXN431495,U00011,Vitamin supplements,1165.07,Health,2024-11-17,11,2024
TXN762055,U00011,Train ticket,285.59,Transport,2024-08-14,8,2024
TXN631981,U00011,Gas cylinder,2090.4,Bills,2024-06-29,6,2024
TXN159653,U00011,Cafe coffee,1643.01,Food,2024-01-20,1,2024
TXN744883,U00011,Gas cylinder,314.72,Bills,2024-02-16,2,2024
TXN681242,U00011,Hotstar subscription,1376.46,Entertainment,2024-10-24,10,2024
TXN783501,U00011,Hospital visit,1601.58,Health,2024-10-19,10,2024
TXN258189,U00011,Bus ticket,2137.27,Transport,2024-09-13,9,2024
TXN849014,U00011,Vegetable market,407.08,Food,2024-06-24,6,2024
TXN359778,U00011,Milk dairy,2279.14,Food,2024-01-21,1,2024
TXN648141,U00011,Lab test,3468.9,Health,2024-09-25,9,2024
TXN506235,U00011,Spotify music,1305.45,Entertainment,2024-05-24,5,2024
TXN927564,U00011,Mall shopping,2392.2,Shopping,2024-01-27,1,2024
TXN685066,U00011,Health insurance,277.4,Health,2024-02-18,2,2024
TXN731977,U00011,Yoga class,1030.31,Health,2024-12-02,12,2024
TXN248298,U00011,Bus ticket,331.18,Transport,2024-12-05,12,2024
TXN794299,U00011,Gas cylinder,3388.55,Bills,2024-12-23,12,2024
TXN424620,U00011,Clothes shopping,2102.89,Shopping,2024-02-13,2,2024
TXN952686,U00011,Theme park,2270.05,Entertainment,2024-06-17,6,2024
TXN543973,U00011,Flight booking,372.41,Transport,2024-12-09,12,2024
TXN289019,U00011,Amazon Prime,112.9,Entertainment,2024-06-07,6,2024
TXN301332,U00011,Bus ticket,3319.46,Transport,2024-09-05,9,2024
TXN632351,U00012,Metro card recharge,316.22,Transport,2024-02-21,2,2024
TXN903531,U00012,Hotstar subscription,180.23,Entertainment,2024-06-21,6,2024
TXN270128,U00012,Spotify music,2110.5,Entertainment,2024-03-19,3,2024
TXN856215,U00012,Toll charge,2841.2,Transport,2024-03-25,3,2024
TXN854540,U00012,Amazon purchase,1467.46,Shopping,2024-12-12,12,2024
TXN345369,U00012,Train ticket,2156.55,Transport,2024-08-17,8,2024
TXN975679,U00012,Gaming purchase,1117.66,Entertainment,2024-08-28,8,2024
TXN561999,U00012,Bus ticket,2390.16,Transport,2024-10-19,10,2024
TXN653081,U00012,Electronics buy,2734.53,Shopping,2024-09-14,9,2024
TXN245121,U00012,Clothes shopping,2868.27,Shopping,2024-11-05,11,2024
TXN681478,U00012,Electricity bill,2262.07,Bills,2024-07-09,7,2024
TXN187949,U00012,Milk dairy,2986.52,Food,2024-05-25,5,2024
TXN254506,U00012,Rapido bike,1600.15,Transport,2024-09-19,9,2024
TXN956375,U00012,Flipkart order,3315.13,Shopping,2024-04-23,4,2024
TXN155843,U00012,Mall shopping,3260.13,Shopping,2024-07-31,7,2024
TXN185569,U00012,Household items,1340.17,Shopping,2024-07-16,7,2024
TXN979940,U00012,Water bill,147.25,Bills,2024-02-20,2,2024
TXN140163,U00012,Health insurance,2780.26,Health,2024-03-11,3,2024
TXN895702,U00012,Property tax,2451.45,Bills,2024-03-12,3,2024
TXN183074,U00012,Lab test,1597.68,Health,2024-01-03,1,2024
TXN675462,U00012,Cafe coffee,794.01,Food,2024-03-17,3,2024
TXN913875,U00012,Vitamin supplements,1870.81,Health,2024-02-26,2,2024
TXN350021,U00012,Water bill,1088.97,Bills,2024-01-25,1,2024
TXN977330,U00012,Accessories,1627.04,Shopping,2024-02-26,2,2024
TXN640410,U00012,Accessories,1899.39,Shopping,2024-11-19,11,2024
TXN550089,U00012,Gaming purchase,2528.98,Entertainment,2024-05-29,5,2024
TXN536802,U00012,Street food,1267.22,Food,2024-10-19,10,2024
TXN170966,U00013,Medicine pharmacy,1856.02,Health,2024-07-03,7,2024
TXN681070,U00013,Hotstar subscription,1800.28,Entertainment,2024-09-16,9,2024
TXN766549,U00013,Bakery snacks,3062.99,Food,2024-01-23,1,2024
TXN474440,U00013,Mall shopping,925.09,Shopping,2024-01-09,1,2024
TXN758775,U00013,Dominos pizza,881.88,Food,2024-12-02,12,2024
TXN239890,U00013,Street food,2586.4,Food,2024-06-19,6,2024
TXN283594,U00013,Dominos pizza,1933.75,Food,2024-11-25,11,2024
TXN762423,U00013,Lab test,3433.83,Health,2024-09-02,9,2024
TXN138780,U00013,Metro card recharge,267.7,Transport,2024-08-22,8,2024
TXN143941,U00013,Water bill,201.13,Bills,2024-04-12,4,2024
TXN596395,U00013,Gas cylinder,1828.07,Bills,2024-10-05,10,2024
TXN400009,U00013,Electricity bill,2648.85,Bills,2024-04-07,4,2024
TXN386488,U00013,Electricity bill,3037.0,Bills,2024-06-18,6,2024
TXN879414,U00013,Dominos pizza,1557.48,Food,2024-07-23,7,2024
TXN620306,U00013,Myntra fashion,1219.68,Shopping,2024-04-05,4,2024
TXN379676,U00013,Lab test,1317.35,Health,2024-09-22,9,2024
TXN962287,U00013,Bakery snacks,322.3,Food,2024-11-04,11,2024
TXN183958,U00013,Flight booking,1063.49,Transport,2024-02-22,2,2024
TXN852524,U00013,Gas cylinder,1107.41,Bills,2024-11-04,11,2024
TXN568849,U00013,Clothes shopping,2429.69,Shopping,2024-06-28,6,2024
TXN387892,U00013,Dominos pizza,2171.24,Food,2024-08-10,8,2024
TXN525942,U00013,Hospital visit,308.89,Health,2024-11-22,11,2024
TXN267758,U00013,Wifi bill,2813.78,Bills,2024-12-13,12,2024
TXN919264,U00013,Restaurant dinner,2977.91,Food,2024-12-13,12,2024
TXN916332,U00013,Amazon purchase,485.49,Shopping,2024-04-30,4,2024
TXN133958,U00014,DTH recharge,1370.85,Bills,2024-10-17,10,2024
TXN490084,U00014,Spotify music,2392.76,Entertainment,2024-07-08,7,2024
TXN484774,U00014,Flipkart order,2030.03,Shopping,2024-09-28,9,2024
TXN218959,U00014,Mall shopping,2290.98,Shopping,2024-05-07,5,2024
TXN688956,U00014,Restaurant dinner,1771.7,Food,2024-07-17,7,2024
TXN567951,U00014,Cafe coffee,2723.63,Food,2024-12-26,12,2024
TXN309902,U00014,Toll charge,1035.24,Transport,2024-09-08,9,2024
TXN281043,U00014,Restaurant dinner,2992.25,Food,2024-08-19,8,2024
TXN986593,U00014,Lab test,3490.56,Health,2024-12-15,12,2024
TXN668507,U00014,DTH recharge,2497.91,Bills,2024-10-08,10,2024
TXN844031,U00014,Gas cylinder,2987.2,Bills,2024-12-30,12,2024
TXN335134,U00014,Gym membership,2788.25,Health,2024-09-17,9,2024
TXN928766,U00014,Grocery store,2782.63,Food,2024-05-01,5,2024
TXN486831,U00014,Amazon purchase,1295.09,Shopping,2024-10-20,10,2024
TXN168941,U00014,Household items,497.71,Shopping,2024-02-14,2,2024
TXN651231,U00014,Insurance premium,3498.6,Bills,2024-09-02,9,2024
TXN231414,U00014,Myntra fashion,2890.52,Shopping,2024-02-07,2,2024
TXN642491,U00014,Internet broadband,1602.41,Bills,2024-12-14,12,2024
TXN770872,U00014,Mobile recharge,3078.96,Bills,2024-10-09,10,2024
TXN553633,U00014,Spotify music,2698.85,Entertainment,2024-03-07,3,2024
TXN260448,U00014,Netflix subscription,2918.3,Entertainment,2024-09-22,9,2024
TXN336422,U00014,Mobile recharge,608.79,Bills,2024-12-29,12,2024
TXN362778,U00014,Wifi bill,3137.49,Bills,2024-02-10,2,2024
TXN417534,U00014,Flight booking,996.86,Transport,2024-11-16,11,2024
TXN276827,U00014,Hotstar subscription,372.33,Entertainment,2024-11-24,11,2024
TXN754813,U00014,Bowling night,581.97,Entertainment,2024-12-03,12,2024
TXN143195,U00014,Vitamin supplements,1214.79,Health,2024-10-15,10,2024
TXN908475,U00014,Zomato delivery,206.84,Food,2024-11-24,11,2024
TXN536822,U00014,Concert tickets,2296.4,Entertainment,2024-10-19,10,2024
TXN672079,U00014,Netflix subscription,1768.23,Entertainment,2024-11-17,11,2024
TXN525818,U00014,Gas cylinder,1716.16,Bills,2024-12-16,12,2024
TXN265759,U00014,Property tax,301.76,Bills,2024-01-31,1,2024
TXN456717,U00014,Myntra fashion,1720.67,Shopping,2024-04-14,4,2024
TXN869864,U00014,Spotify music,1128.41,Entertainment,2024-06-12,6,2024
TXN639995,U00014,Insurance premium,501.14,Bills,2024-07-08,7,2024
TXN228473,U00014,Movie tickets,1150.95,Entertainment,2024-08-26,8,2024
TXN153063,U00014,Property tax,905.32,Bills,2024-02-19,2,2024
TXN360330,U00014,Insurance premium,3031.37,Bills,2024-08-02,8,2024
TXN299055,U00014,Bus ticket,3271.44,Transport,2024-06-09,6,2024
TXN622987,U00014,Train ticket,3486.09,Transport,2024-08-27,8,2024
TXN629996,U00015,Amazon purchase,360.67,Shopping,2024-07-20,7,2024
TXN151021,U00015,Shoes purchase,792.25,Shopping,2024-06-29,6,2024
TXN805188,U00015,Cafe coffee,1757.39,Food,2024-11-30,11,2024
TXN551860,U00015,Electronics buy,1901.58,Shopping,2024-02-25,2,2024
TXN483713,U00015,Rapido bike,2559.9,Transport,2024-07-25,7,2024
TXN304110,U00015,Bakery snacks,226.49,Food,2024-10-14,10,2024
TXN628750,U00015,Wifi bill,1045.68,Bills,2024-07-16,7,2024
TXN813449,U00015,Household items,1015.04,Shopping,2024-11-15,11,2024
TXN513037,U00015,Movie tickets,493.89,Entertainment,2024-02-19,2,2024
TXN891638,U00015,DTH recharge,1974.52,Bills,2024-07-06,7,2024
TXN624369,U00015,Petrol fuel,2128.5,Transport,2024-07-24,7,2024
TXN943019,U00015,Swiggy order,184.25,Food,2024-06-19,6,2024
TXN640546,U00015,Household items,1626.61,Shopping,2024-11-06,11,2024
TXN270395,U00015,Bus ticket,3263.22,Transport,2024-06-12,6,2024
TXN722565,U00015,Accessories,2600.65,Shopping,2024-06-02,6,2024
TXN613641,U00015,Wifi bill,2907.6,Bills,2024-09-29,9,2024
TXN486251,U00015,Vitamin supplements,1084.28,Health,2024-01-09,1,2024
TXN422623,U00015,Internet broadband,3430.65,Bills,2024-10-25,10,2024
TXN787436,U00015,Hospital visit,2109.34,Health,2024-05-15,5,2024
TXN711868,U00015,Bowling night,835.02,Entertainment,2024-01-27,1,2024
TXN912233,U00015,Clothes shopping,1858.6,Shopping,2024-11-13,11,2024
TXN133104,U00015,Clothes shopping,2884.73,Shopping,2024-05-04,5,2024
TXN428930,U00015,Movie tickets,708.21,Entertainment,2024-08-13,8,2024
TXN530311,U00015,Clothes shopping,1474.71,Shopping,2024-04-14,4,2024
TXN840058,U00015,Bowling night,3225.8,Entertainment,2024-02-01,2,2024
TXN794395,U00015,Flight booking,765.33,Transport,2024-06-15,6,2024
TXN581992,U00015,Household items,1350.05,Shopping,2024-03-29,3,2024
TXN909489,U00015,Amazon Prime,1934.64,Entertainment,2024-12-12,12,2024
TXN358494,U00015,Dental checkup,2154.76,Health,2024-04-08,4,2024
TXN908634,U00016,Concert tickets,825.79,Entertainment,2024-06-01,6,2024
TXN432441,U00016,Water bill,2431.33,Bills,2024-09-07,9,2024
TXN401769,U00016,Mall shopping,1983.68,Shopping,2024-05-20,5,2024
TXN513697,U00016,Street food,2384.35,Food,2024-07-13,7,2024
TXN848831,U00016,Mobile recharge,1052.06,Bills,2024-05-27,5,2024
TXN368900,U00016,Dominos pizza,3237.83,Food,2024-12-01,12,2024
TXN384303,U00016,Lab test,788.25,Health,2024-10-02,10,2024
TXN876880,U00016,Concert tickets,523.59,Entertainment,2024-11-11,11,2024
TXN656837,U00016,Gaming purchase,886.48,Entertainment,2024-12-08,12,2024
TXN446337,U00016,Petrol fuel,231.09,Transport,2024-07-30,7,2024
TXN105433,U00016,Lab test,396.88,Health,2024-03-11,3,2024
TXN600641,U00016,Spotify music,1453.83,Entertainment,2024-08-31,8,2024
TXN436768,U00016,Doctor consultation,2657.89,Health,2024-05-27,5,2024
TXN783984,U00016,Electricity bill,3182.38,Bills,2024-02-15,2,2024
TXN283568,U00016,Gaming purchase,1896.28,Entertainment,2024-01-20,1,2024
TXN976822,U00016,Clothes shopping,3272.03,Shopping,2024-01-19,1,2024
TXN139286,U00016,Sports gear,692.78,Shopping,2024-05-28,5,2024
TXN451317,U00016,Cafe coffee,2009.47,Food,2024-02-24,2,2024
TXN649787,U00016,Property tax,3462.39,Bills,2024-10-05,10,2024
TXN386090,U00016,Clothes shopping,2986.16,Shopping,2024-08-27,8,2024
TXN779776,U00016,Ola cab,1190.86,Transport,2024-08-22,8,2024
TXN929179,U00016,Mobile recharge,98.59,Bills,2024-06-21,6,2024
TXN284019,U00016,Cable TV,2376.68,Bills,2024-04-08,4,2024
TXN443856,U00016,Theme park,2903.11,Entertainment,2024-09-20,9,2024
TXN247442,U00016,Bakery snacks,2358.93,Food,2024-04-04,4,2024
TXN373453,U00016,Mall shopping,3278.6,Shopping,2024-01-04,1,2024
TXN445637,U00016,Shoes purchase,1591.24,Shopping,2024-05-16,5,2024
TXN374258,U00016,Cable TV,2543.94,Bills,2024-01-06,1,2024
TXN588002,U00017,Water bill,264.33,Bills,2024-03-01,3,2024
TXN837733,U00017,Mobile recharge,1448.69,Bills,2024-09-14,9,2024
TXN485397,U00017,Internet broadband,2253.55,Bills,2024-05-31,5,2024
TXN601410,U00017,Gaming purchase,805.99,Entertainment,2024-03-09,3,2024
TXN491774,U00017,Train ticket,2629.69,Transport,2024-11-06,11,2024
TXN940952,U00017,Household items,3199.15,Shopping,2024-10-02,10,2024
TXN891401,U00017,Doctor consultation,2678.42,Health,2024-12-14,12,2024
TXN837952,U00017,Movie tickets,1863.0,Entertainment,2024-09-27,9,2024
TXN164758,U00017,Internet broadband,3214.49,Bills,2024-02-27,2,2024
TXN257131,U00017,Hotstar subscription,747.44,Entertainment,2024-10-01,10,2024
TXN221886,U00017,Bus ticket,2997.98,Transport,2024-08-14,8,2024
TXN195359,U00017,Doctor consultation,2523.37,Health,2024-09-07,9,2024
TXN238353,U00017,Books purchase,2839.99,Entertainment,2024-08-20,8,2024
TXN685941,U00017,Theme park,1625.95,Entertainment,2024-01-30,1,2024
TXN366817,U00017,Electronics buy,2545.32,Shopping,2024-07-21,7,2024
TXN544278,U00017,Grocery store,2045.17,Food,2024-01-24,1,2024
TXN172371,U00017,Internet broadband,1917.01,Bills,2024-01-31,1,2024
TXN906325,U00017,Amazon purchase,1040.46,Shopping,2024-04-02,4,2024
TXN570325,U00017,Auto rickshaw,1341.89,Transport,2024-07-14,7,2024
TXN665497,U00017,Myntra fashion,326.86,Shopping,2024-12-04,12,2024
TXN512151,U00017,Bus ticket,459.28,Transport,2024-10-02,10,2024
TXN975373,U00017,Spotify music,2561.11,Entertainment,2024-04-24,4,2024
TXN806215,U00017,Swiggy order,3425.79,Food,2024-08-25,8,2024
TXN963355,U00017,Eye checkup,1513.24,Health,2024-07-13,7,2024
TXN389039,U00017,Petrol fuel,1639.16,Transport,2024-03-20,3,2024
TXN539605,U00017,Ola cab,161.15,Transport,2024-12-04,12,2024
TXN205797,U00017,Netflix subscription,880.3,Entertainment,2024-02-04,2,2024
TXN837449,U00017,Netflix subscription,1590.22,Entertainment,2024-12-10,12,2024
TXN560285,U00017,Grocery store,2604.87,Food,2024-07-24,7,2024
TXN246942,U00017,Flight booking,799.58,Transport,2024-01-29,1,2024
TXN434394,U00017,Concert tickets,857.86,Entertainment,2024-10-21,10,2024
TXN348411,U00017,Bowling night,2715.26,Entertainment,2024-06-13,6,2024
TXN331780,U00017,Mobile recharge,3450.65,Bills,2024-09-23,9,2024
TXN720407,U00017,Electronics buy,999.28,Shopping,2024-10-12,10,2024
TXN682851,U00017,Gym membership,2209.68,Health,2024-08-06,8,2024
TXN803953,U00017,Amazon purchase,3404.4,Shopping,2024-11-25,11,2024
TXN528090,U00017,Household items,1149.63,Shopping,2024-08-01,8,2024
TXN596520,U00017,Rapido bike,1348.79,Transport,2024-10-02,10,2024
TXN251363,U00017,Petrol fuel,1087.54,Transport,2024-12-28,12,2024
TXN684357,U00017,Amazon purchase,1990.23,Shopping,2024-08-01,8,2024
TXN446305,U00018,Auto rickshaw,887.86,Transport,2024-04-14,4,2024
TXN196955,U00018,Medicine pharmacy,3231.68,Health,2024-07-08,7,2024
TXN806396,U00018,Gaming purchase,227.8,Entertainment,2024-07-12,7,2024
TXN297303,U00018,Bowling night,186.44,Entertainment,2024-02-07,2,2024
TXN449138,U00018,Hotstar subscription,798.71,Entertainment,2024-04-16,4,2024
TXN877493,U00018,Electricity bill,780.74,Bills,2024-04-07,4,2024
TXN733760,U00018,Vegetable market,3204.82,Food,2024-12-22,12,2024
TXN678897,U00018,Doctor consultation,1418.38,Health,2024-05-02,5,2024
TXN780233,U00018,Gas cylinder,1363.28,Bills,2024-09-30,9,2024
TXN621433,U00018,Gas cylinder,952.39,Bills,2024-09-19,9,2024
TXN898625,U00018,Flipkart order,2819.72,Shopping,2024-08-28,8,2024
TXN147936,U00018,Water bill,1328.93,Bills,2024-07-30,7,2024
TXN373441,U00018,Gaming purchase,2607.32,Entertainment,2024-01-09,1,2024
TXN409531,U00018,Bowling night,2048.04,Entertainment,2024-08-01,8,2024
TXN697467,U00018,Petrol fuel,1188.04,Transport,2024-07-13,7,2024
TXN453961,U00018,Train ticket,1949.72,Transport,2024-12-16,12,2024
TXN875520,U00018,Property tax,3384.45,Bills,2024-11-24,11,2024
TXN277487,U00018,Sports gear,630.41,Shopping,2024-06-29,6,2024
TXN772985,U00018,Flight booking,1734.69,Transport,2024-10-04,10,2024
TXN957730,U00018,Milk dairy,166.69,Food,2024-02-08,2,2024
TXN244170,U00018,Hospital visit,2686.97,Health,2024-07-30,7,2024
TXN109585,U00018,Doctor consultation,284.49,Health,2024-03-18,3,2024
TXN747847,U00018,Flight booking,1623.23,Transport,2024-01-31,1,2024
TXN611552,U00018,Vitamin supplements,3198.99,Health,2024-12-03,12,2024
TXN112426,U00018,Swiggy order,1886.13,Food,2024-07-29,7,2024
TXN400614,U00018,Milk dairy,2541.56,Food,2024-10-01,10,2024
TXN551488,U00018,Milk dairy,2855.39,Food,2024-12-11,12,2024
TXN256130,U00018,Ola cab,3217.27,Transport,2024-09-25,9,2024
TXN954814,U00018,Petrol fuel,2188.24,Transport,2024-05-09,5,2024
TXN491172,U00018,Gas cylinder,2792.53,Bills,2024-02-10,2,2024
TXN336828,U00018,Sports gear,1999.26,Shopping,2024-12-22,12,2024
TXN896483,U00018,Internet broadband,2305.39,Bills,2024-11-28,11,2024
TXN679549,U00018,Zomato delivery,1448.21,Food,2024-07-12,7,2024
TXN279708,U00018,Amazon purchase,2246.78,Shopping,2024-12-25,12,2024
TXN922478,U00018,Vegetable market,2966.39,Food,2024-11-26,11,2024
TXN653815,U00018,Cable TV,3421.79,Bills,2024-02-18,2,2024
TXN694316,U00019,Petrol fuel,3159.39,Transport,2024-12-20,12,2024
TXN817675,U00019,Electronics buy,210.64,Shopping,2024-02-08,2,2024
TXN288066,U00019,Wifi bill,1994.11,Bills,2024-01-17,1,2024
TXN251195,U00019,Electricity bill,3367.07,Bills,2024-10-27,10,2024
TXN270341,U00019,Yoga class,3254.62,Health,2024-06-02,6,2024
TXN809922,U00019,Gaming purchase,2005.1,Entertainment,2024-07-18,7,2024
TXN928897,U00019,Amazon Prime,1374.27,Entertainment,2024-03-12,3,2024
TXN156304,U00019,Medicine pharmacy,1777.74,Health,2024-06-26,6,2024
TXN457137,U00019,Bakery snacks,850.9,Food,2024-02-08,2,2024
TXN911131,U00019,Bowling night,3344.26,Entertainment,2024-07-22,7,2024
TXN614435,U00019,Electricity bill,2237.72,Bills,2024-08-18,8,2024
TXN552825,U00019,Bus ticket,1957.98,Transport,2024-07-11,7,2024
TXN909676,U00019,Toll charge,2329.32,Transport,2024-02-13,2,2024
TXN186023,U00019,Concert tickets,2803.29,Entertainment,2024-02-07,2,2024
TXN261771,U00019,Mobile recharge,1361.0,Bills,2024-11-20,11,2024
TXN195966,U00019,Yoga class,1142.54,Health,2024-02-24,2,2024
TXN207197,U00019,Cafe coffee,1584.34,Food,2024-05-18,5,2024
TXN684041,U00019,Ola cab,696.5,Transport,2024-08-17,8,2024
TXN193972,U00019,Hotstar subscription,1457.75,Entertainment,2024-01-14,1,2024
TXN922543,U00019,Wifi bill,371.07,Bills,2024-11-02,11,2024
TXN506637,U00019,Insurance premium,92.58,Bills,2024-07-30,7,2024
TXN699743,U00020,Eye checkup,3172.97,Health,2024-05-04,5,2024
TXN245584,U00020,Spotify music,2414.34,Entertainment,2024-03-27,3,2024
TXN166340,U00020,Gas cylinder,976.0,Bills,2024-03-15,3,2024
TXN607753,U00020,Auto rickshaw,1002.07,Transport,2024-06-02,6,2024
TXN855917,U00020,Dominos pizza,918.36,Food,2024-05-06,5,2024
TXN580102,U00020,Lab test,2098.63,Health,2024-04-10,4,2024
TXN448354,U00020,Restaurant dinner,1101.07,Food,2024-07-21,7,2024
TXN561607,U00020,Theme park,2824.06,Entertainment,2024-06-17,6,2024
TXN723266,U00020,Insurance premium,2863.39,Bills,2024-11-29,11,2024
TXN310608,U00020,Rapido bike,1156.29,Transport,2024-12-21,12,2024
TXN434640,U00020,Mall shopping,662.85,Shopping,2024-07-22,7,2024
TXN441716,U00020,Property tax,3388.78,Bills,2024-05-04,5,2024
TXN482746,U00020,Electronics buy,2866.91,Shopping,2024-07-20,7,2024
TXN288667,U00020,Street food,739.31,Food,2024-10-06,10,2024
TXN842776,U00020,Eye checkup,142.86,Health,2024-08-24,8,2024
TXN172518,U00020,Train ticket,2802.02,Transport,2024-12-20,12,2024
TXN353777,U00020,Sports gear,530.17,Shopping,2024-06-04,6,2024
TXN177558,U00020,Mobile recharge,2517.57,Bills,2024-07-12,7,2024
TXN660324,U00020,Accessories,1703.36,Shopping,2024-07-24,7,2024
TXN835716,U00020,Theme park,1925.58,Entertainment,2024-07-03,7,2024
TXN214682,U00020,Bowling night,2251.72,Entertainment,2024-02-13,2,2024
TXN146448,U00020,Bus ticket,623.87,Transport,2024-11-09,11,2024
TXN934908,U00021,Yoga class,3385.5,Health,2024-06-18,6,2024
TXN332785,U00021,Flipkart order,86.39,Shopping,2024-05-12,5,2024
TXN703178,U00021,Hotstar subscription,1975.08,Entertainment,2024-12-18,12,2024
TXN909859,U00021,Train ticket,1340.71,Transport,2024-08-25,8,2024
TXN461724,U00021,Vitamin supplements,2432.01,Health,2024-03-18,3,2024
TXN190025,U00021,Vegetable market,410.7,Food,2024-07-31,7,2024
TXN577450,U00021,Restaurant dinner,1251.73,Food,2024-06-24,6,2024
TXN202365,U00021,Flight booking,1716.09,Transport,2024-08-31,8,2024
TXN146853,U00021,Sports gear,1150.24,Shopping,2024-06-02,6,2024
TXN779445,U00021,Medicine pharmacy,127.92,Health,2024-06-24,6,2024
TXN641058,U00021,Restaurant dinner,3258.23,Food,2024-05-04,5,2024
TXN547080,U00021,Flight booking,602.47,Transport,2024-10-13,10,2024
TXN293411,U00021,Shoes purchase,2802.26,Shopping,2024-11-18,11,2024
TXN306909,U00021,Auto rickshaw,1414.76,Transport,2024-11-10,11,2024
TXN838968,U00021,Accessories,1531.96,Shopping,2024-01-03,1,2024
TXN948014,U00021,Petrol fuel,1010.29,Transport,2024-12-26,12,2024
TXN296041,U00021,Street food,401.04,Food,2024-10-01,10,2024
TXN375097,U00021,DTH recharge,729.91,Bills,2024-02-28,2,2024
TXN428628,U00021,Lab test,1870.62,Health,2024-11-23,11,2024
TXN219781,U00021,Theme park,2159.01,Entertainment,2024-10-27,10,2024
TXN280908,U00021,DTH recharge,2967.04,Bills,2024-11-12,11,2024
TXN188868,U00021,Dental checkup,3219.45,Health,2024-10-29,10,2024
TXN420214,U00021,Gym membership,1130.49,Health,2024-05-02,5,2024
TXN635638,U00021,Restaurant dinner,1337.91,Food,2024-03-13,3,2024
TXN502349,U00021,Myntra fashion,2107.67,Shopping,2024-10-21,10,2024
TXN827117,U00021,Clothes shopping,1729.01,Shopping,2024-10-02,10,2024
TXN402865,U00021,Gym membership,1964.45,Health,2024-09-07,9,2024
TXN749498,U00021,Metro card recharge,1135.3,Transport,2024-08-18,8,2024
TXN243167,U00021,Dominos pizza,3333.85,Food,2024-09-05,9,2024
TXN784793,U00021,Auto rickshaw,3375.21,Transport,2024-09-15,9,2024
TXN844638,U00021,Myntra fashion,2412.2,Shopping,2024-07-31,7,2024
TXN132359,U00021,Sports gear,627.02,Shopping,2024-10-16,10,2024
TXN663723,U00021,Rapido bike,162.8,Transport,2024-04-25,4,2024
TXN878586,U00021,Mobile recharge,2743.55,Bills,2024-10-16,10,2024
TXN219754,U00021,Household items,1812.28,Shopping,2024-10-20,10,2024
TXN668373,U00021,Wifi bill,2890.33,Bills,2024-07-06,7,2024
TXN207391,U00021,Vegetable market,1934.92,Food,2024-08-05,8,2024
TXN571578,U00021,Doctor consultation,1077.1,Health,2024-01-17,1,2024
TXN913308,U00022,Internet broadband,1564.79,Bills,2024-03-01,3,2024
TXN822608,U00022,Petrol fuel,2846.92,Transport,2024-10-28,10,2024
TXN746081,U00022,Cable TV,2233.06,Bills,2024-03-25,3,2024
TXN697766,U00022,Petrol fuel,2856.68,Transport,2024-01-31,1,2024
TXN276556,U00022,Wifi bill,1019.74,Bills,2024-10-02,10,2024
TXN999695,U00022,Gas cylinder,1048.2,Bills,2024-05-16,5,2024
TXN162165,U00022,Movie tickets,517.78,Entertainment,2024-07-29,7,2024
TXN361805,U00022,Mobile recharge,2469.92,Bills,2024-03-08,3,2024
TXN511776,U00022,Bus ticket,2908.26,Transport,2024-12-12,12,2024
TXN758309,U00022,Clothes shopping,2042.12,Shopping,2024-05-17,5,2024
TXN933197,U00022,Myntra fashion,1609.37,Shopping,2024-11-20,11,2024
TXN828449,U00022,Bakery snacks,1828.87,Food,2024-05-22,5,2024
TXN710224,U00022,Property tax,3328.38,Bills,2024-06-16,6,2024
TXN765678,U00022,Zomato delivery,2571.72,Food,2024-08-22,8,2024
TXN517035,U00022,Health insurance,2982.87,Health,2024-09-30,9,2024
TXN381581,U00022,Auto rickshaw,2895.72,Transport,2024-09-10,9,2024
TXN236937,U00022,Gas cylinder,1215.26,Bills,2024-10-22,10,2024
TXN899281,U00022,Books purchase,2769.65,Entertainment,2024-12-15,12,2024
TXN117072,U00022,Swiggy order,393.53,Food,2024-08-23,8,2024
TXN548580,U00022,Restaurant dinner,1572.44,Food,2024-01-01,1,2024
TXN266699,U00022,Metro card recharge,3093.41,Transport,2024-06-03,6,2024
TXN186424,U00022,Internet broadband,2308.33,Bills,2024-05-08,5,2024
TXN420349,U00022,Mobile recharge,228.67,Bills,2024-11-16,11,2024
TXN837880,U00022,Doctor consultation,1530.85,Health,2024-02-16,2,2024
TXN239145,U00022,Swiggy order,786.3,Food,2024-02-09,2,2024
TXN109738,U00022,Gaming purchase,1842.08,Entertainment,2024-08-15,8,2024
TXN827744,U00022,Dominos pizza,2869.03,Food,2024-08-04,8,2024
TXN193670,U00022,Train ticket,294.36,Transport,2024-07-15,7,2024
TXN243790,U00023,Dominos pizza,1318.09,Food,2024-06-02,6,2024
TXN249792,U00023,Clothes shopping,2263.44,Shopping,2024-12-12,12,2024
TXN781595,U00023,Milk dairy,1993.35,Food,2024-11-08,11,2024
TXN758589,U00023,Train ticket,1261.6,Transport,2024-04-19,4,2024
TXN819916,U00023,Gym membership,3223.63,Health,2024-11-11,11,2024
TXN246814,U00023,Shoes purchase,349.07,Shopping,2024-02-21,2,2024
TXN550246,U00023,Street food,2568.53,Food,2024-06-28,6,2024
TXN188341,U00023,Mobile recharge,904.86,Bills,2024-11-26,11,2024
TXN398761,U00023,Flight booking,2123.45,Transport,2024-11-07,11,2024
TXN416302,U00023,Hospital visit,2975.23,Health,2024-12-03,12,2024
TXN884170,U00023,Flight booking,2143.9,Transport,2024-04-06,4,2024
TXN618927,U00023,Electronics buy,2279.29,Shopping,2024-05-02,5,2024
TXN722780,U00023,Flipkart order,881.73,Shopping,2024-11-22,11,2024
TXN478638,U00023,Milk dairy,3116.1,Food,2024-01-07,1,2024
TXN541307,U00023,Mobile recharge,1384.59,Bills,2024-10-18,10,2024
TXN907788,U00023,Wifi bill,2406.15,Bills,2024-08-29,8,2024
TXN374921,U00023,Swiggy order,2076.4,Food,2024-01-08,1,2024
TXN631219,U00023,Uber ride,3232.9,Transport,2024-07-22,7,2024
TXN835901,U00023,Wifi bill,2696.53,Bills,2024-08-04,8,2024
TXN745972,U00023,Flipkart order,2259.85,Shopping,2024-10-02,10,2024
TXN636141,U00023,Rapido bike,338.41,Transport,2024-02-10,2,2024
TXN714923,U00023,Metro card recharge,1900.55,Transport,2024-07-19,7,2024
TXN865416,U00023,Medicine pharmacy,1120.08,Health,2024-08-11,8,2024
TXN221620,U00024,Grocery store,347.43,Food,2024-08-10,8,2024
TXN798435,U00024,Accessories,2150.47,Shopping,2024-06-07,6,2024
TXN243876,U00024,Gym membership,462.08,Health,2024-12-28,12,2024
TXN648410,U00024,Hospital visit,615.22,Health,2024-06-26,6,2024
TXN886197,U00024,Concert tickets,626.02,Entertainment,2024-03-05,3,2024
TXN451284,U00024,Internet broadband,2711.43,Bills,2024-01-16,1,2024
TXN846925,U00024,Electronics buy,1857.3,Shopping,2024-05-14,5,2024
TXN477617,U00024,Movie tickets,1761.71,Entertainment,2024-09-18,9,2024
TXN485548,U00024,Vegetable market,3014.79,Food,2024-03-26,3,2024
TXN806866,U00024,Rapido bike,2717.98,Transport,2024-10-20,10,2024
TXN102693,U00024,Medicine pharmacy,838.0,Health,2024-09-17,9,2024
TXN481657,U00024,Swiggy order,893.7,Food,2024-08-29,8,2024
TXN679720,U00024,Clothes shopping,667.42,Shopping,2024-01-19,1,2024
TXN536476,U00024,Yoga class,824.58,Health,2024-05-07,5,2024
TXN699298,U00024,Health insurance,985.84,Health,2024-02-09,2,2024
TXN288056,U00024,Internet broadband,1782.04,Bills,2024-01-27,1,2024
TXN172274,U00024,Flight booking,3435.88,Transport,2024-07-24,7,2024
TXN443199,U00024,Electronics buy,2718.67,Shopping,2024-06-08,6,2024
TXN310418,U00024,Milk dairy,1625.77,Food,2024-07-07,7,2024
TXN354367,U00024,Cable TV,2756.55,Bills,2024-11-14,11,2024
TXN910143,U00024,Mall shopping,2091.33,Shopping,2024-09-09,9,2024
TXN257880,U00024,Flight booking,2673.66,Transport,2024-05-05,5,2024
TXN463251,U00024,Bakery snacks,132.49,Food,2024-10-04,10,2024
TXN895794,U00024,Hospital visit,3330.92,Health,2024-01-01,1,2024
TXN208998,U00024,Yoga class,2979.07,Health,2024-06-06,6,2024
TXN615929,U00024,Flight booking,3441.75,Transport,2024-08-02,8,2024
TXN146032,U00024,Restaurant dinner,2505.2,Food,2024-02-17,2,2024
TXN580728,U00025,Theme park,2467.92,Entertainment,2024-07-09,7,2024
TXN239999,U00025,Medicine pharmacy,2053.66,Health,2024-09-15,9,2024
TXN165308,U00025,Yoga class,308.17,Health,2024-10-17,10,2024
TXN992247,U00025,Clothes shopping,866.86,Shopping,2024-05-13,5,2024
TXN433507,U00025,Insurance premium,2467.5,Bills,2024-06-16,6,2024
TXN242723,U00025,Electronics buy,855.96,Shopping,2024-04-13,4,2024
TXN571404,U00025,Movie tickets,586.17,Entertainment,2024-03-25,3,2024
TXN475691,U00025,Mall shopping,1452.47,Shopping,2024-10-01,10,2024
TXN993892,U00025,Train ticket,1113.66,Transport,2024-05-15,5,2024
TXN418992,U00025,Zomato delivery,593.77,Food,2024-12-17,12,2024
TXN255528,U00025,Vitamin supplements,189.14,Health,2024-06-16,6,2024
TXN638401,U00025,Grocery store,3390.98,Food,2024-07-21,7,2024
TXN132591,U00025,Cafe coffee,947.58,Food,2024-03-30,3,2024
TXN361989,U00025,Sports gear,1968.04,Shopping,2024-10-08,10,2024
TXN227352,U00025,Vegetable market,401.58,Food,2024-03-12,3,2024
TXN237064,U00025,Swiggy order,2914.78,Food,2024-04-23,4,2024
TXN776001,U00025,Auto rickshaw,1334.23,Transport,2024-11-18,11,2024
TXN122859,U00025,Street food,2072.11,Food,2024-02-08,2,2024
TXN948611,U00025,Grocery store,3163.61,Food,2024-08-15,8,2024
TXN228479,U00025,Ola cab,3172.52,Transport,2024-06-18,6,2024
TXN554197,U00025,Vegetable market,224.7,Food,2024-10-20,10,2024
TXN816400,U00025,Yoga class,1761.64,Health,2024-07-14,7,2024
TXN388339,U00025,Clothes shopping,1271.1,Shopping,2024-04-05,4,2024
TXN743937,U00025,Property tax,3097.81,Bills,2024-01-18,1,2024
TXN623125,U00025,Bowling night,897.96,Entertainment,2024-05-31,5,2024
TXN393366,U00025,Household items,1702.66,Shopping,2024-02-14,2,2024
TXN935922,U00025,Clothes shopping,1496.36,Shopping,2024-11-25,11,2024
TXN919898,U00026,Flight booking,2792.22,Transport,2024-07-14,7,2024
TXN460745,U00026,Health insurance,1704.91,Health,2024-09-05,9,2024
TXN288550,U00026,Hotstar subscription,1159.54,Entertainment,2024-05-18,5,2024
TXN950069,U00026,Dominos pizza,2110.05,Food,2024-01-16,1,2024
TXN655149,U00026,Electricity bill,2839.86,Bills,2024-08-29,8,2024
TXN204998,U00026,Cable TV,3498.64,Bills,2024-03-22,3,2024
TXN901164,U00026,Petrol fuel,969.52,Transport,2024-01-29,1,2024
TXN472039,U00026,Toll charge,2970.44,Transport,2024-07-17,7,2024
TXN945372,U00026,Metro card recharge,866.1,Transport,2024-06-11,6,2024
TXN837623,U00026,Health insurance,3203.23,Health,2024-01-15,1,2024
TXN249005,U00026,Health insurance,3319.08,Health,2024-10-15,10,2024
TXN668458,U00026,Gaming purchase,2936.6,Entertainment,2024-09-09,9,2024
TXN158896,U00026,Mobile recharge,1742.01,Bills,2024-02-16,2,2024
TXN601207,U00026,Toll charge,804.89,Transport,2024-09-26,9,2024
TXN945619,U00026,Dominos pizza,3216.74,Food,2024-04-13,4,2024
TXN162448,U00026,Bus ticket,2523.43,Transport,2024-06-14,6,2024
TXN911982,U00026,Restaurant dinner,2073.8,Food,2024-03-13,3,2024
TXN491738,U00026,Milk dairy,3019.31,Food,2024-02-07,2,2024
TXN416423,U00026,Yoga class,2071.76,Health,2024-06-21,6,2024
TXN930307,U00026,Mobile recharge,3416.72,Bills,2024-08-11,8,2024
TXN841535,U00026,Lab test,2289.67,Health,2024-03-30,3,2024
TXN797860,U00026,Bowling night,2765.12,Entertainment,2024-04-24,4,2024
TXN408823,U00026,Spotify music,1355.43,Entertainment,2024-12-18,12,2024
TXN700660,U00026,Metro card recharge,2564.47,Transport,2024-12-25,12,2024
TXN433674,U00026,Accessories,161.72,Shopping,2024-11-04,11,2024
TXN620287,U00026,Gaming purchase,2256.78,Entertainment,2024-02-23,2,2024
TXN463656,U00026,Bus ticket,2621.43,Transport,2024-05-01,5,2024
TXN961574,U00026,Mobile recharge,2244.84,Bills,2024-02-15,2,2024
TXN319869,U00026,Health insurance,1590.87,Health,2024-05-15,5,2024
TXN855408,U00026,Ola cab,1259.16,Transport,2024-02-25,2,2024
TXN274418,U00026,Swiggy order,1381.48,Food,2024-08-02,8,2024
TXN672547,U00026,Sports gear,3092.11,Shopping,2024-06-28,6,2024
TXN782591,U00026,Flipkart order,2909.38,Shopping,2024-10-22,10,2024
TXN938016,U00026,Doctor consultation,611.16,Health,2024-02-07,2,2024
TXN209812,U00026,Cafe coffee,119.27,Food,2024-05-13,5,2024
TXN268720,U00026,Dominos pizza,636.86,Food,2024-07-11,7,2024
TXN606186,U00027,Movie tickets,1215.93,Entertainment,2024-11-10,11,2024
TXN273012,U00027,Hospital visit,1538.07,Health,2024-11-30,11,2024
TXN447177,U00027,Theme park,592.01,Entertainment,2024-02-21,2,2024
TXN857111,U00027,Petrol fuel,1462.02,Transport,2024-10-10,10,2024
TXN411847,U00027,Eye checkup,965.16,Health,2024-05-24,5,2024
TXN676363,U00027,Ola cab,221.24,Transport,2024-10-19,10,2024
TXN548377,U00027,Clothes shopping,238.04,Shopping,2024-01-02,1,2024
TXN729371,U00027,Cafe coffee,2892.45,Food,2024-11-16,11,2024
TXN279130,U00027,Shoes purchase,384.6,Shopping,2024-04-15,4,2024
TXN984756,U00027,Dental checkup,3420.85,Health,2024-08-30,8,2024
TXN612855,U00027,Cafe coffee,2757.82,Food,2024-08-29,8,2024
TXN506351,U00027,Dental checkup,364.42,Health,2024-10-05,10,2024
TXN295646,U00027,Bus ticket,3104.95,Transport,2024-07-08,7,2024
TXN376195,U00027,Amazon purchase,958.37,Shopping,2024-08-26,8,2024
TXN888775,U00027,Rapido bike,1996.65,Transport,2024-03-18,3,2024
TXN947438,U00027,Medicine pharmacy,345.69,Health,2024-06-25,6,2024
TXN338564,U00027,Theme park,3398.93,Entertainment,2024-10-28,10,2024
TXN538967,U00027,Netflix subscription,2950.75,Entertainment,2024-09-24,9,2024
TXN599397,U00027,Books purchase,2025.86,Entertainment,2024-04-30,4,2024
TXN626491,U00027,Internet broadband,1412.08,Bills,2024-01-18,1,2024
TXN750403,U00027,Hotstar subscription,2811.55,Entertainment,2024-12-12,12,2024
TXN281276,U00027,Ola cab,3324.93,Transport,2024-08-17,8,2024
TXN182175,U00028,Petrol fuel,485.34,Transport,2024-08-04,8,2024
TXN255061,U00028,Yoga class,746.62,Health,2024-11-17,11,2024
TXN191254,U00028,Concert tickets,1153.14,Entertainment,2024-02-04,2,2024
TXN998235,U00028,Household items,1420.87,Shopping,2024-06-15,6,2024
TXN924758,U00028,Wifi bill,1630.64,Bills,2024-01-07,1,2024
TXN217984,U00028,Vitamin supplements,2077.14,Health,2024-08-02,8,2024
TXN710981,U00028,Clothes shopping,561.29,Shopping,2024-10-28,10,2024
TXN923914,U00028,Zomato delivery,1991.26,Food,2024-02-21,2,2024
TXN376967,U00028,Wifi bill,3086.47,Bills,2024-07-29,7,2024
TXN139285,U00028,Sports gear,2023.48,Shopping,2024-08-30,8,2024
TXN738221,U00028,Rapido bike,1440.26,Transport,2024-11-12,11,2024
TXN824056,U00028,Yoga class,183.8,Health,2024-06-18,6,2024
TXN490532,U00028,Uber ride,2622.84,Transport,2024-05-17,5,2024
TXN426053,U00028,Dominos pizza,2869.98,Food,2024-06-04,6,2024
TXN202988,U00028,Property tax,3010.91,Bills,2024-12-16,12,2024
TXN911630,U00028,Metro card recharge,1086.66,Transport,2024-08-14,8,2024
TXN776913,U00028,Gas cylinder,2564.36,Bills,2024-11-05,11,2024
TXN876936,U00028,Grocery store,1573.92,Food,2024-07-27,7,2024
TXN640299,U00028,Household items,3041.8,Shopping,2024-01-29,1,2024
TXN522979,U00028,Ola cab,1123.37,Transport,2024-09-16,9,2024
TXN282176,U00028,Flight booking,3083.7,Transport,2024-01-15,1,2024
TXN134677,U00028,Petrol fuel,2937.57,Transport,2024-05-07,5,2024
TXN308781,U00028,Amazon purchase,3217.21,Shopping,2024-12-26,12,2024
TXN516224,U00028,DTH recharge,2891.1,Bills,2024-09-15,9,2024
TXN490559,U00028,Medicine pharmacy,2400.05,Health,2024-05-03,5,2024
TXN715388,U00029,Books purchase,662.66,Entertainment,2024-08-30,8,2024
TXN885342,U00029,Amazon Prime,1237.66,Entertainment,2024-05-12,5,2024
TXN152062,U00029,Medicine pharmacy,1033.49,Health,2024-07-16,7,2024
TXN998746,U00029,Toll charge,2740.41,Transport,2024-04-19,4,2024
TXN783238,U00029,Petrol fuel,2388.05,Transport,2024-05-17,5,2024
TXN109330,U00029,Household items,119.18,Shopping,2024-12-15,12,2024
TXN939767,U00029,Clothes shopping,2283.43,Shopping,2024-11-03,11,2024
TXN847362,U00029,Grocery store,920.75,Food,2024-06-05,6,2024
TXN992952,U00029,Dental checkup,1512.13,Health,2024-07-11,7,2024
TXN416822,U00029,Property tax,919.4,Bills,2024-08-26,8,2024
TXN712879,U00029,Eye checkup,2893.87,Health,2024-07-22,7,2024
TXN984247,U00029,Swiggy order,1814.72,Food,2024-12-05,12,2024
TXN396408,U00029,Wifi bill,2283.33,Bills,2024-11-07,11,2024
TXN389913,U00029,Internet broadband,1712.0,Bills,2024-06-21,6,2024
TXN787991,U00029,Health insurance,3022.15,Health,2024-05-13,5,2024
TXN902658,U00029,Dental checkup,699.84,Health,2024-09-21,9,2024
TXN523727,U00029,Uber ride,2828.73,Transport,2024-11-03,11,2024
TXN787237,U00029,Health insurance,2398.61,Health,2024-01-14,1,2024
TXN524252,U00029,Electronics buy,945.02,Shopping,2024-08-02,8,2024
TXN955653,U00029,Amazon purchase,2061.43,Shopping,2024-10-19,10,2024
TXN819656,U00029,Bus ticket,2556.6,Transport,2024-04-23,4,2024
TXN475911,U00029,Books purchase,3177.52,Entertainment,2024-12-09,12,2024
TXN685365,U00029,Concert tickets,2966.7,Entertainment,2024-12-02,12,2024
TXN876909,U00029,Rapido bike,386.73,Transport,2024-03-06,3,2024
TXN812730,U00029,Wifi bill,2682.07,Bills,2024-04-03,4,2024
TXN880360,U00029,Internet broadband,816.77,Bills,2024-04-24,4,2024
TXN489737,U00029,Insurance premium,2768.91,Bills,2024-06-18,6,2024
TXN593393,U00029,Cable TV,1064.48,Bills,2024-03-01,3,2024
TXN174675,U00029,Street food,2052.08,Food,2024-11-13,11,2024
TXN500209,U00029,Shoes purchase,1776.65,Shopping,2024-12-14,12,2024
TXN244037,U00029,Concert tickets,1475.22,Entertainment,2024-03-18,3,2024
TXN579798,U00029,Bus ticket,1461.71,Transport,2024-10-18,10,2024
TXN916779,U00029,Bus ticket,3025.26,Transport,2024-04-02,4,2024
TXN428638,U00029,Vegetable market,1197.57,Food,2024-03-31,3,2024
TXN319553,U00029,Hospital visit,66.26,Health,2024-05-20,5,2024
TXN235691,U00030,Spotify music,1739.04,Entertainment,2024-02-15,2,2024
TXN549865,U00030,Theme park,2235.53,Entertainment,2024-07-25,7,2024
TXN309100,U00030,Myntra fashion,66.11,Shopping,2024-09-30,9,2024
TXN893612,U00030,Health insurance,3327.74,Health,2024-06-13,6,2024
TXN757128,U00030,Gaming purchase,111.81,Entertainment,2024-01-03,1,2024
TXN427252,U00030,Doctor consultation,830.62,Health,2024-06-25,6,2024
TXN420984,U00030,Ola cab,1373.25,Transport,2024-10-28,10,2024
TXN404955,U00030,Ola cab,2892.26,Transport,2024-06-01,6,2024
TXN554730,U00030,Household items,2107.48,Shopping,2024-06-21,6,2024
TXN476701,U00030,Gym membership,1232.43,Health,2024-09-07,9,2024
TXN120053,U00030,Metro card recharge,3320.89,Transport,2024-07-25,7,2024
TXN321449,U00030,Petrol fuel,2558.73,Transport,2024-03-08,3,2024
TXN229144,U00030,Hospital visit,2084.44,Health,2024-03-27,3,2024
TXN368214,U00030,Electricity bill,1344.41,Bills,2024-11-23,11,2024
TXN794125,U00030,Bowling night,217.63,Entertainment,2024-01-25,1,2024
TXN537020,U00030,Swiggy order,216.41,Food,2024-02-29,2,2024
TXN597440,U00030,Myntra fashion,476.4,Shopping,2024-05-09,5,2024
TXN760929,U00030,Gym membership,758.96,Health,2024-12-17,12,2024
TXN794663,U00030,Cafe coffee,1502.01,Food,2024-02-21,2,2024
TXN243826,U00030,Concert tickets,2198.65,Entertainment,2024-12-24,12,2024
TXN223453,U00030,Flipkart order,1814.97,Shopping,2024-11-12,11,2024
TXN308296,U00030,Internet broadband,2757.42,Bills,2024-09-11,9,2024
TXN311469,U00030,Gaming purchase,2733.96,Entertainment,2024-09-24,9,2024
TXN674765,U00030,Insurance premium,1068.96,Bills,2024-01-21,1,2024
TXN446663,U00030,Shoes purchase,2424.3,Shopping,2024-09-03,9,2024
TXN975804,U00031,Swiggy order,2367.13,Food,2024-02-26,2,2024
TXN917392,U00031,Books purchase,564.55,Entertainment,2024-02-16,2,2024
TXN368322,U00031,Movie tickets,2546.29,Entertainment,2024-02-21,2,2024
TXN376955,U00031,Doctor consultation,1625.79,Health,2024-05-31,5,2024
TXN141360,U00031,Amazon purchase,394.34,Shopping,2024-03-30,3,2024
TXN546688,U00031,DTH recharge,2815.51,Bills,2024-06-09,6,2024
TXN110142,U00031,Medicine pharmacy,377.74,Health,2024-01-24,1,2024
TXN752011,U00031,Metro card recharge,1183.88,Transport,2024-08-12,8,2024
TXN291752,U00031,Internet broadband,1335.55,Bills,2024-06-24,6,2024
TXN385037,U00031,Bakery snacks,1430.86,Food,2024-08-21,8,2024
TXN935620,U00031,Sports gear,2809.65,Shopping,2024-11-28,11,2024
TXN985364,U00031,Ola cab,507.16,Transport,2024-01-31,1,2024
TXN606121,U00031,Ola cab,1485.3,Transport,2024-10-29,10,2024
TXN917012,U00031,Books purchase,675.35,Entertainment,2024-07-13,7,2024
TXN979269,U00031,Cable TV,149.42,Bills,2024-12-16,12,2024
TXN218423,U00031,Gym membership,1716.62,Health,2024-09-06,9,2024
TXN786789,U00031,Sports gear,208.6,Shopping,2024-05-13,5,2024
TXN650311,U00031,Electricity bill,2480.76,Bills,2024-12-13,12,2024
TXN802382,U00031,Vitamin supplements,2547.02,Health,2024-04-24,4,2024
TXN748270,U00031,Wifi bill,1854.71,Bills,2024-12-24,12,2024
TXN605339,U00031,Bakery snacks,2332.91,Food,2024-05-07,5,2024
TXN742686,U00031,Insurance premium,562.86,Bills,2024-10-12,10,2024
TXN630126,U00031,Swiggy order,2269.73,Food,2024-03-21,3,2024
TXN887931,U00031,Sports gear,3049.48,Shopping,2024-02-08,2,2024
TXN152796,U00031,Mall shopping,881.08,Shopping,2024-05-22,5,2024
TXN522866,U00031,Gaming purchase,1949.21,Entertainment,2024-07-12,7,2024
TXN569865,U00031,Ola cab,1633.88,Transport,2024-10-20,10,2024
TXN881439,U00032,Sports gear,1140.41,Shopping,2024-09-11,9,2024
TXN137572,U00032,Hospital visit,404.12,Health,2024-07-30,7,2024
TXN930244,U00032,Hotstar subscription,50.59,Entertainment,2024-02-16,2,2024
TXN689648,U00032,Bowling night,2249.51,Entertainment,2024-09-17,9,2024
TXN965401,U00032,Train ticket,3328.73,Transport,2024-07-05,7,2024
TXN687360,U00032,Grocery store,2962.9,Food,2024-06-18,6,2024
TXN480941,U00032,Bowling night,1682.31,Entertainment,2024-12-02,12,2024
TXN332518,U00032,Lab test,443.38,Health,2024-12-03,12,2024
TXN938769,U00032,Dominos pizza,1275.23,Food,2024-11-20,11,2024
TXN211486,U00032,Wifi bill,1850.85,Bills,2024-12-25,12,2024
TXN212157,U00032,Restaurant dinner,1748.86,Food,2024-07-28,7,2024
TXN993590,U00032,Cable TV,725.93,Bills,2024-03-02,3,2024
TXN851606,U00032,Shoes purchase,1626.81,Shopping,2024-04-07,4,2024
TXN764000,U00032,Internet broadband,2662.17,Bills,2024-01-24,1,2024
TXN579605,U00032,Vitamin supplements,475.11,Health,2024-08-18,8,2024
TXN623059,U00032,Vitamin supplements,3348.86,Health,2024-03-09,3,2024
TXN553834,U00032,Milk dairy,2589.94,Food,2024-10-10,10,2024
TXN825423,U00032,Books purchase,3239.08,Entertainment,2024-03-31,3,2024
TXN208584,U00032,Spotify music,2570.21,Entertainment,2024-03-06,3,2024
TXN628597,U00032,Accessories,2141.25,Shopping,2024-06-13,6,2024
TXN899407,U00032,Myntra fashion,3429.28,Shopping,2024-12-20,12,2024
TXN408463,U00032,Rapido bike,1422.65,Transport,2024-06-24,6,2024
TXN884782,U00033,Metro card recharge,1473.97,Transport,2024-12-24,12,2024
TXN429159,U00033,Concert tickets,2958.61,Entertainment,2024-10-07,10,2024
TXN319899,U00033,Eye checkup,2232.41,Health,2024-04-12,4,2024
TXN239116,U00033,Concert tickets,2418.81,Entertainment,2024-12-10,12,2024
TXN767814,U00033,Gym membership,1788.43,Health,2024-12-21,12,2024
TXN603704,U00033,Internet broadband,2674.67,Bills,2024-10-14,10,2024
TXN537757,U00033,Bowling night,3302.22,Entertainment,2024-12-29,12,2024
TXN947568,U00033,Eye checkup,1036.45,Health,2024-08-04,8,2024
TXN252386,U00033,Milk dairy,417.32,Food,2024-07-14,7,2024
TXN400538,U00033,Swiggy order,739.66,Food,2024-03-23,3,2024
TXN824141,U00033,Dental checkup,555.18,Health,2024-02-01,2,2024
TXN476105,U00033,Water bill,2649.9,Bills,2024-01-17,1,2024
TXN875414,U00033,Flipkart order,2175.58,Shopping,2024-12-11,12,2024
TXN507777,U00033,Gaming purchase,2611.32,Entertainment,2024-10-14,10,2024
TXN401610,U00033,Flight booking,2755.86,Transport,2024-12-22,12,2024
TXN536801,U00033,Hospital visit,3246.37,Health,2024-07-17,7,2024
TXN113595,U00033,Health insurance,3382.12,Health,2024-01-28,1,2024
TXN970300,U00033,Dental checkup,750.65,Health,2024-08-14,8,2024
TXN874320,U00033,Bus ticket,2655.12,Transport,2024-10-06,10,2024
TXN408467,U00033,Gaming purchase,2727.71,Entertainment,2024-04-09,4,2024
TXN296059,U00033,Clothes shopping,3442.91,Shopping,2024-02-08,2,2024
TXN549323,U00033,Flight booking,461.77,Transport,2024-01-21,1,2024
TXN712353,U00033,Wifi bill,961.63,Bills,2024-03-23,3,2024
TXN262325,U00033,Electricity bill,1190.44,Bills,2024-12-29,12,2024
TXN153325,U00033,Restaurant dinner,3253.77,Food,2024-11-01,11,2024
TXN614379,U00033,Vitamin supplements,2958.83,Health,2024-06-03,6,2024
TXN433299,U00033,Hotstar subscription,1285.4,Entertainment,2024-12-28,12,2024
TXN171488,U00033,Gaming purchase,3351.61,Entertainment,2024-09-23,9,2024
TXN523013,U00033,Spotify music,1484.96,Entertainment,2024-10-01,10,2024
TXN795556,U00033,Dominos pizza,813.13,Food,2024-04-19,4,2024
TXN889216,U00033,DTH recharge,1294.75,Bills,2024-04-21,4,2024
TXN963699,U00033,Hotstar subscription,1688.26,Entertainment,2024-10-14,10,2024
TXN567315,U00033,Hospital visit,445.79,Health,2024-06-26,6,2024
TXN141814,U00033,Toll charge,3219.2,Transport,2024-05-04,5,2024
TXN859143,U00034,Flipkart order,1381.27,Shopping,2024-10-03,10,2024
TXN639292,U00034,Electricity bill,3194.11,Bills,2024-07-10,7,2024
TXN783176,U00034,Books purchase,1729.48,Entertainment,2024-05-31,5,2024
TXN275526,U00034,Bus ticket,1822.94,Transport,2024-02-19,2,2024
TXN321020,U00034,Hotstar subscription,75.29,Entertainment,2024-02-03,2,2024
TXN976258,U00034,Doctor consultation,3034.08,Health,2024-08-05,8,2024
TXN877388,U00034,Grocery store,1905.25,Food,2024-12-25,12,2024
TXN124906,U00034,Flipkart order,2626.77,Shopping,2024-03-19,3,2024
TXN156904,U00034,Mall shopping,180.71,Shopping,2024-02-07,2,2024
TXN961530,U00034,Rapido bike,1975.39,Transport,2024-10-21,10,2024
TXN760830,U00034,Rapido bike,1456.33,Transport,2024-08-18,8,2024
TXN806004,U00034,Myntra fashion,1141.59,Shopping,2024-07-18,7,2024
TXN166309,U00034,Milk dairy,70.35,Food,2024-11-12,11,2024
TXN475075,U00034,Vitamin supplements,207.03,Health,2024-02-07,2,2024
TXN415989,U00034,Movie tickets,1049.94,Entertainment,2024-12-17,12,2024
TXN499941,U00034,Movie tickets,1021.24,Entertainment,2024-08-12,8,2024
TXN330545,U00034,Amazon purchase,1685.26,Shopping,2024-09-30,9,2024
TXN409307,U00034,Auto rickshaw,2798.86,Transport,2024-10-06,10,2024
TXN491255,U00034,Gym membership,1078.29,Health,2024-11-27,11,2024
TXN229221,U00034,Milk dairy,3067.95,Food,2024-03-13,3,2024
TXN663244,U00034,Swiggy order,2025.88,Food,2024-07-20,7,2024
TXN322022,U00034,Movie tickets,1101.18,Entertainment,2024-06-25,6,2024
TXN331512,U00034,Household items,541.47,Shopping,2024-04-04,4,2024
TXN803571,U00034,Concert tickets,720.43,Entertainment,2024-04-02,4,2024
TXN583671,U00034,Netflix subscription,2987.29,Entertainment,2024-10-08,10,2024
TXN170634,U00034,Eye checkup,302.35,Health,2024-12-09,12,2024
TXN610856,U00034,Internet broadband,731.09,Bills,2024-10-24,10,2024
TXN345925,U00034,DTH recharge,492.34,Bills,2024-12-01,12,2024
TXN433222,U00034,Cafe coffee,2187.33,Food,2024-04-09,4,2024
TXN420523,U00034,Sports gear,1182.79,Shopping,2024-12-03,12,2024
TXN549112,U00035,Toll charge,2005.67,Transport,2024-06-10,6,2024
TXN846794,U00035,Uber ride,1130.59,Transport,2024-04-23,4,2024
TXN240829,U00035,Yoga class,1004.55,Health,2024-07-03,7,2024
TXN566991,U00035,Health insurance,3078.71,Health,2024-08-24,8,2024
TXN284308,U00035,Gas cylinder,1730.05,Bills,2024-02-25,2,2024
TXN966589,U00035,Vitamin supplements,332.81,Health,2024-05-23,5,2024
TXN180176,U00035,Flight booking,727.69,Transport,2024-11-16,11,2024
TXN762308,U00035,Medicine pharmacy,3127.76,Health,2024-09-16,9,2024
TXN323095,U00035,Street food,2047.21,Food,2024-10-29,10,2024
TXN595036,U00035,Milk dairy,949.13,Food,2024-10-03,10,2024
TXN909652,U00035,Gym membership,1312.07,Health,2024-04-24,4,2024
TXN635205,U00035,Concert tickets,511.89,Entertainment,2024-09-13,9,2024
TXN794868,U00035,Bakery snacks,1305.34,Food,2024-01-06,1,2024
TXN247189,U00035,Toll charge,2410.36,Transport,2024-09-20,9,2024
TXN791444,U00035,Clothes shopping,668.05,Shopping,2024-10-16,10,2024
TXN329448,U00035,Train ticket,3290.15,Transport,2024-01-21,1,2024
TXN345386,U00035,Shoes purchase,266.87,Shopping,2024-07-08,7,2024
TXN506945,U00035,Grocery store,1836.7,Food,2024-07-03,7,2024
TXN780027,U00035,Sports gear,3091.35,Shopping,2024-01-21,1,2024
TXN764343,U00035,Internet broadband,2477.89,Bills,2024-09-23,9,2024
TXN282294,U00035,Gas cylinder,2046.28,Bills,2024-10-18,10,2024
TXN976052,U00035,Myntra fashion,1310.27,Shopping,2024-11-30,11,2024
TXN641455,U00035,Milk dairy,917.97,Food,2024-04-24,4,2024
TXN610511,U00035,Mall shopping,2869.47,Shopping,2024-06-25,6,2024
TXN561267,U00035,Accessories,72.76,Shopping,2024-03-12,3,2024
TXN394450,U00035,Petrol fuel,315.95,Transport,2024-11-25,11,2024
TXN731264,U00035,Metro card recharge,694.82,Transport,2024-07-04,7,2024
TXN950576,U00035,Medicine pharmacy,2330.83,Health,2024-07-31,7,2024
TXN602290,U00035,Internet broadband,1711.23,Bills,2024-09-02,9,2024
TXN123536,U00035,Toll charge,606.3,Transport,2024-07-29,7,2024
TXN268956,U00035,Uber ride,491.2,Transport,2024-10-30,10,2024
TXN253999,U00035,Flight booking,185.21,Transport,2024-10-20,10,2024
TXN641737,U00035,Restaurant dinner,941.0,Food,2024-04-02,4,2024
TXN119524,U00035,Accessories,3393.89,Shopping,2024-11-22,11,2024
TXN571023,U00035,Dental checkup,3318.03,Health,2024-04-20,4,2024
TXN330019,U00035,Books purchase,3042.19,Entertainment,2024-03-28,3,2024
TXN960307,U00035,Accessories,542.36,Shopping,2024-10-25,10,2024
TXN275868,U00035,Toll charge,2325.79,Transport,2024-05-15,5,2024
TXN496583,U00036,Accessories,2087.56,Shopping,2024-04-27,4,2024
TXN648102,U00036,Clothes shopping,424.57,Shopping,2024-04-13,4,2024
TXN200976,U00036,Theme park,2901.47,Entertainment,2024-11-06,11,2024
TXN140932,U00036,Train ticket,3160.55,Transport,2024-11-03,11,2024
TXN605666,U00036,Hotstar subscription,2645.72,Entertainment,2024-02-17,2,2024
TXN967719,U00036,Gym membership,3161.85,Health,2024-10-03,10,2024
TXN145548,U00036,Bakery snacks,1851.05,Food,2024-07-08,7,2024
TXN927909,U00036,Eye checkup,1529.9,Health,2024-09-03,9,2024
TXN704106,U00036,Mall shopping,2082.22,Shopping,2024-12-22,12,2024
TXN903061,U00036,Bakery snacks,511.9,Food,2024-09-01,9,2024
TXN528497,U00036,Ola cab,1027.27,Transport,2024-10-05,10,2024
TXN706063,U00036,Water bill,68.87,Bills,2024-01-04,1,2024
TXN786341,U00036,Movie tickets,1843.18,Entertainment,2024-07-11,7,2024
TXN262297,U00036,Bus ticket,1460.52,Transport,2024-02-24,2,2024
TXN544136,U00036,Accessories,925.03,Shopping,2024-10-01,10,2024
TXN516760,U00036,Amazon Prime,2160.99,Entertainment,2024-12-14,12,2024
TXN605904,U00036,Auto rickshaw,1954.76,Transport,2024-10-12,10,2024
TXN366105,U00036,Bus ticket,1978.87,Transport,2024-09-04,9,2024
TXN517469,U00036,Cable TV,1238.03,Bills,2024-12-27,12,2024
TXN224870,U00036,Gym membership,2999.75,Health,2024-12-03,12,2024
TXN269654,U00036,Doctor consultation,1590.75,Health,2024-12-24,12,2024
TXN939756,U00036,Grocery store,1803.79,Food,2024-06-22,6,2024
TXN154581,U00036,Bowling night,2454.85,Entertainment,2024-12-27,12,2024
TXN943442,U00036,Auto rickshaw,3377.77,Transport,2024-01-03,1,2024
TXN556526,U00036,Restaurant dinner,1677.26,Food,2024-11-03,11,2024
TXN183927,U00036,Zomato delivery,957.67,Food,2024-07-08,7,2024
TXN743789,U00036,Netflix subscription,2549.51,Entertainment,2024-07-24,7,2024
TXN160254,U00036,Eye checkup,1038.32,Health,2024-11-01,11,2024
TXN991884,U00036,Train ticket,1564.45,Transport,2024-04-13,4,2024
TXN922041,U00036,Eye checkup,1036.72,Health,2024-01-18,1,2024
TXN277715,U00037,Hotstar subscription,2459.65,Entertainment,2024-11-10,11,2024
TXN100301,U00037,Hospital visit,1291.1,Health,2024-12-01,12,2024
TXN470281,U00037,Ola cab,3489.02,Transport,2024-07-23,7,2024
TXN642892,U00037,Yoga class,1448.81,Health,2024-04-12,4,2024
TXN398313,U00037,Zomato delivery,3221.16,Food,2024-10-08,10,2024
TXN464354,U00037,Eye checkup,3206.78,Health,2024-06-27,6,2024
TXN576849,U00037,Water bill,2141.95,Bills,2024-04-09,4,2024
TXN526911,U00037,Accessories,66.05,Shopping,2024-03-30,3,2024
TXN408545,U00037,Movie tickets,1977.28,Entertainment,2024-09-14,9,2024
TXN664032,U00037,Internet broadband,2820.15,Bills,2024-05-11,5,2024
TXN690525,U00037,Concert tickets,2444.96,Entertainment,2024-07-12,7,2024
TXN814703,U00037,Shoes purchase,2663.28,Shopping,2024-08-22,8,2024
TXN221916,U00037,Accessories,3023.98,Shopping,2024-09-03,9,2024
TXN809794,U00037,Internet broadband,1370.22,Bills,2024-04-22,4,2024
TXN470248,U00037,Doctor consultation,2810.56,Health,2024-07-30,7,2024
TXN360316,U00037,Hotstar subscription,83.55,Entertainment,2024-05-14,5,2024
TXN179721,U00037,Internet broadband,1426.31,Bills,2024-06-24,6,2024
TXN329183,U00037,Spotify music,1694.12,Entertainment,2024-06-30,6,2024
TXN299405,U00037,Concert tickets,680.61,Entertainment,2024-12-15,12,2024
TXN378297,U00037,Shoes purchase,860.27,Shopping,2024-05-03,5,2024
TXN976960,U00037,Petrol fuel,749.54,Transport,2024-05-07,5,2024
TXN225701,U00037,Amazon Prime,588.18,Entertainment,2024-02-24,2,2024
TXN144316,U00037,Vegetable market,2167.7,Food,2024-10-04,10,2024
TXN702427,U00037,Mall shopping,2191.3,Shopping,2024-09-09,9,2024
TXN393880,U00037,Property tax,680.91,Bills,2024-09-18,9,2024
TXN156778,U00037,Shoes purchase,2638.08,Shopping,2024-03-06,3,2024
TXN134144,U00037,Theme park,1700.2,Entertainment,2024-10-03,10,2024
TXN913594,U00037,Amazon Prime,1408.32,Entertainment,2024-12-17,12,2024
TXN643377,U00037,Train ticket,3418.95,Transport,2024-12-23,12,2024
TXN806848,U00037,Mall shopping,2427.78,Shopping,2024-01-07,1,2024
TXN479167,U00037,Auto rickshaw,2054.48,Transport,2024-06-15,6,2024
TXN348658,U00037,Concert tickets,695.68,Entertainment,2024-05-14,5,2024
TXN483699,U00037,Property tax,3356.92,Bills,2024-06-24,6,2024
TXN834750,U00037,Train ticket,1512.6,Transport,2024-08-02,8,2024
TXN572623,U00037,DTH recharge,2997.43,Bills,2024-05-23,5,2024
TXN819335,U00037,Toll charge,502.43,Transport,2024-10-21,10,2024
TXN682316,U00037,Ola cab,2536.81,Transport,2024-04-30,4,2024
TXN595962,U00037,Myntra fashion,726.42,Shopping,2024-03-17,3,2024
TXN990649,U00037,Restaurant dinner,1504.25,Food,2024-03-09,3,2024
TXN414608,U00038,Hotstar subscription,2535.93,Entertainment,2024-09-06,9,2024
TXN517754,U00038,Wifi bill,3011.83,Bills,2024-01-25,1,2024
TXN599687,U00038,Restaurant dinner,257.13,Food,2024-05-10,5,2024
TXN372387,U00038,Medicine pharmacy,1602.0,Health,2024-06-20,6,2024
TXN460857,U00038,DTH recharge,1983.21,Bills,2024-05-11,5,2024
TXN734992,U00038,Bakery snacks,468.27,Food,2024-12-13,12,2024
TXN664593,U00038,Toll charge,2036.84,Transport,2024-11-28,11,2024
TXN635239,U00038,Rapido bike,1275.13,Transport,2024-12-10,12,2024
TXN743473,U00038,Sports gear,3119.23,Shopping,2024-07-14,7,2024
TXN275715,U00038,Property tax,2229.41,Bills,2024-03-15,3,2024
TXN699405,U00038,Health insurance,1505.27,Health,2024-11-09,11,2024
TXN339303,U00038,Flipkart order,322.94,Shopping,2024-06-24,6,2024
TXN380465,U00038,DTH recharge,2302.9,Bills,2024-12-29,12,2024
TXN918910,U00038,Theme park,985.81,Entertainment,2024-08-15,8,2024
TXN534098,U00038,Cable TV,1847.23,Bills,2024-08-18,8,2024
TXN863124,U00038,Metro card recharge,2997.03,Transport,2024-03-05,3,2024
TXN886159,U00038,Rapido bike,3294.51,Transport,2024-12-24,12,2024
TXN200195,U00038,Grocery store,625.84,Food,2024-02-22,2,2024
TXN908382,U00038,Vegetable market,1942.1,Food,2024-01-14,1,2024
TXN208976,U00038,Household items,2689.24,Shopping,2024-02-12,2,2024
TXN508783,U00038,Cable TV,585.7,Bills,2024-12-01,12,2024
TXN564687,U00038,Water bill,903.52,Bills,2024-05-25,5,2024
TXN129959,U00038,Gym membership,502.91,Health,2024-03-28,3,2024
TXN599284,U00038,Dominos pizza,3018.27,Food,2024-06-15,6,2024
TXN566453,U00038,Household items,3275.26,Shopping,2024-10-07,10,2024
TXN578720,U00038,Flight booking,660.78,Transport,2024-11-01,11,2024
TXN770593,U00038,Vitamin supplements,1550.67,Health,2024-11-23,11,2024
TXN665883,U00038,Concert tickets,3185.78,Entertainment,2024-09-03,9,2024
TXN532227,U00038,Ola cab,1574.42,Transport,2024-07-06,7,2024
TXN648736,U00038,Mobile recharge,1097.33,Bills,2024-01-01,1,2024
TXN108721,U00038,Bus ticket,1039.33,Transport,2024-09-30,9,2024
TXN414164,U00038,Lab test,3317.0,Health,2024-09-01,9,2024
TXN342446,U00038,Bakery snacks,2802.98,Food,2024-11-01,11,2024
TXN687783,U00038,Milk dairy,1339.07,Food,2024-07-29,7,2024
TXN508654,U00038,Myntra fashion,912.14,Shopping,2024-11-26,11,2024
TXN755698,U00038,Shoes purchase,957.28,Shopping,2024-08-04,8,2024
TXN946803,U00038,Flight booking,2687.66,Transport,2024-11-09,11,2024
TXN948097,U00038,Dental checkup,1032.14,Health,2024-09-29,9,2024
TXN291267,U00038,Insurance premium,698.6,Bills,2024-02-05,2,2024
TXN747736,U00038,Rapido bike,430.73,Transport,2024-08-21,8,2024
TXN120337,U00039,Cable TV,1747.39,Bills,2024-06-13,6,2024
TXN294969,U00039,Uber ride,3395.52,Transport,2024-01-12,1,2024
TXN862427,U00039,Cafe coffee,978.72,Food,2024-08-12,8,2024
TXN617555,U00039,Grocery store,361.18,Food,2024-01-08,1,2024
TXN489438,U00039,Bus ticket,1499.84,Transport,2024-09-12,9,2024
TXN158760,U00039,Amazon purchase,1189.36,Shopping,2024-03-15,3,2024
TXN290425,U00039,Insurance premium,296.28,Bills,2024-08-28,8,2024
TXN227885,U00039,Rapido bike,2869.51,Transport,2024-01-07,1,2024
TXN359168,U00039,Doctor consultation,1377.55,Health,2024-08-14,8,2024
TXN646453,U00039,Hospital visit,737.17,Health,2024-02-18,2,2024
TXN427270,U00039,Doctor consultation,1681.25,Health,2024-12-14,12,2024
TXN880900,U00039,Mobile recharge,2220.62,Bills,2024-01-22,1,2024
TXN769536,U00039,Hotstar subscription,471.39,Entertainment,2024-09-03,9,2024
TXN799080,U00039,Water bill,1293.47,Bills,2024-01-27,1,2024
TXN440277,U00039,Ola cab,864.08,Transport,2024-08-10,8,2024
TXN225461,U00039,Restaurant dinner,2790.65,Food,2024-10-26,10,2024
TXN709303,U00039,Shoes purchase,80.81,Shopping,2024-01-22,1,2024
TXN489439,U00039,Lab test,2425.0,Health,2024-03-20,3,2024
TXN819265,U00039,Grocery store,594.06,Food,2024-02-16,2,2024
TXN162969,U00039,Amazon Prime,3261.43,Entertainment,2024-11-16,11,2024
TXN662407,U00039,Dominos pizza,2273.78,Food,2024-12-25,12,2024
TXN685472,U00039,Restaurant dinner,1733.06,Food,2024-06-11,6,2024
TXN868804,U00039,Health insurance,2829.06,Health,2024-08-12,8,2024
TXN859587,U00039,Uber ride,2427.91,Transport,2024-07-02,7,2024
TXN840951,U00039,Rapido bike,3150.39,Transport,2024-09-05,9,2024
TXN613898,U00039,Household items,1066.77,Shopping,2024-12-22,12,2024
TXN439403,U00039,Toll charge,693.86,Transport,2024-06-27,6,2024
TXN681456,U00039,Lab test,999.87,Health,2024-11-02,11,2024
TXN410035,U00039,Ola cab,1882.42,Transport,2024-08-18,8,2024
TXN913608,U00039,Wifi bill,1316.54,Bills,2024-01-01,1,2024
TXN119629,U00039,Eye checkup,1357.7,Health,2024-04-04,4,2024
TXN436272,U00039,Amazon Prime,2727.26,Entertainment,2024-05-02,5,2024
TXN958835,U00039,Medicine pharmacy,2321.1,Health,2024-10-02,10,2024
TXN902930,U00039,Shoes purchase,1858.04,Shopping,2024-09-11,9,2024
TXN772036,U00040,Toll charge,1026.8,Transport,2024-07-28,7,2024
TXN169918,U00040,Internet broadband,382.08,Bills,2024-12-03,12,2024
TXN311895,U00040,Restaurant dinner,666.3,Food,2024-01-17,1,2024
TXN698749,U00040,Vegetable market,711.08,Food,2024-01-17,1,2024
TXN754280,U00040,Yoga class,2319.83,Health,2024-09-26,9,2024
TXN331444,U00040,Vitamin supplements,932.99,Health,2024-07-06,7,2024
TXN787603,U00040,Movie tickets,95.15,Entertainment,2024-04-16,4,2024
TXN163648,U00040,Flipkart order,1664.8,Shopping,2024-11-23,11,2024
TXN961957,U00040,Wifi bill,2615.0,Bills,2024-07-31,7,2024
TXN654718,U00040,Electricity bill,2891.57,Bills,2024-05-16,5,2024
TXN326387,U00040,Zomato delivery,2928.87,Food,2024-02-09,2,2024
TXN657487,U00040,Movie tickets,399.23,Entertainment,2024-04-28,4,2024
TXN360846,U00040,Shoes purchase,716.26,Shopping,2024-12-02,12,2024
TXN535352,U00040,Spotify music,1976.56,Entertainment,2024-10-12,10,2024
TXN475351,U00040,Medicine pharmacy,2693.68,Health,2024-10-22,10,2024
TXN209159,U00040,Lab test,2473.8,Health,2024-08-06,8,2024
TXN453907,U00040,Metro card recharge,1947.38,Transport,2024-09-15,9,2024
TXN564531,U00040,Gym membership,1891.96,Health,2024-11-03,11,2024
TXN985893,U00040,DTH recharge,1947.78,Bills,2024-06-15,6,2024
TXN966286,U00040,Insurance premium,2686.44,Bills,2024-08-08,8,2024
TXN672130,U00040,Health insurance,2149.03,Health,2024-10-15,10,2024
TXN477496,U00040,Auto rickshaw,2691.69,Transport,2024-05-10,5,2024
TXN861594,U00040,Sports gear,3361.39,Shopping,2024-01-01,1,2024
TXN241647,U00040,Cafe coffee,2105.38,Food,2024-09-22,9,2024
TXN325258,U00040,Electricity bill,1086.15,Bills,2024-04-23,4,2024
TXN962283,U00040,Electricity bill,2711.75,Bills,2024-12-19,12,2024
TXN699378,U00040,Wifi bill,1813.89,Bills,2024-10-19,10,2024
TXN263690,U00040,Ola cab,180.19,Transport,2024-07-01,7,2024
TXN361993,U00040,Rapido bike,1316.44,Transport,2024-10-25,10,2024
TXN698199,U00040,Rapido bike,2848.21,Transport,2024-02-17,2,2024
TXN858729,U00040,Accessories,3216.69,Shopping,2024-02-09,2,2024
TXN836989,U00040,Property tax,646.51,Bills,2024-12-19,12,2024
TXN139186,U00040,Movie tickets,2103.55,Entertainment,2024-06-02,6,2024
TXN908348,U00040,Vitamin supplements,1366.33,Health,2024-01-29,1,2024
TXN536754,U00040,DTH recharge,3085.28,Bills,2024-08-10,8,2024
TXN111989,U00040,Grocery store,2629.49,Food,2024-11-04,11,2024
TXN143182,U00040,Yoga class,236.74,Health,2024-09-25,9,2024
TXN831663,U00041,Bowling night,566.05,Entertainment,2024-09-14,9,2024
TXN567262,U00041,Metro card recharge,224.29,Transport,2024-07-20,7,2024
TXN552917,U00041,Bowling night,1791.32,Entertainment,2024-04-23,4,2024
TXN186554,U00041,Insurance premium,560.64,Bills,2024-06-21,6,2024
TXN518582,U00041,Accessories,2621.34,Shopping,2024-10-07,10,2024
TXN911414,U00041,Internet broadband,1424.92,Bills,2024-08-10,8,2024
TXN686464,U00041,Gym membership,2679.01,Health,2024-09-03,9,2024
TXN305625,U00041,Train ticket,1413.85,Transport,2024-10-19,10,2024
TXN358207,U00041,Bowling night,3489.92,Entertainment,2024-09-25,9,2024
TXN439121,U00041,Ola cab,968.59,Transport,2024-08-08,8,2024
TXN533672,U00041,Vitamin supplements,359.1,Health,2024-12-09,12,2024
TXN461260,U00041,Mall shopping,1251.66,Shopping,2024-06-13,6,2024
TXN466704,U00041,Netflix subscription,2705.4,Entertainment,2024-03-27,3,2024
TXN147057,U00041,Books purchase,2199.98,Entertainment,2024-08-13,8,2024
TXN894541,U00041,Petrol fuel,2414.49,Transport,2024-03-20,3,2024
TXN354854,U00041,Medicine pharmacy,437.68,Health,2024-01-28,1,2024
TXN114400,U00041,Spotify music,3047.2,Entertainment,2024-05-27,5,2024
TXN123853,U00041,Internet broadband,1102.66,Bills,2024-08-29,8,2024
TXN313701,U00041,Water bill,2603.04,Bills,2024-04-18,4,2024
TXN606489,U00041,Hotstar subscription,2638.73,Entertainment,2024-10-07,10,2024
TXN119281,U00041,Spotify music,2448.0,Entertainment,2024-12-08,12,2024
TXN145594,U00041,Accessories,3175.84,Shopping,2024-09-26,9,2024
TXN927524,U00041,Mobile recharge,257.38,Bills,2024-04-12,4,2024
TXN786563,U00041,Vitamin supplements,985.92,Health,2024-08-26,8,2024
TXN795186,U00041,Zomato delivery,1390.83,Food,2024-05-18,5,2024
TXN406703,U00041,Health insurance,3031.77,Health,2024-01-10,1,2024
TXN633243,U00041,Yoga class,847.53,Health,2024-07-13,7,2024
TXN726111,U00041,Medicine pharmacy,3168.36,Health,2024-09-05,9,2024
TXN580233,U00041,Movie tickets,693.14,Entertainment,2024-09-13,9,2024
TXN419739,U00041,Netflix subscription,187.15,Entertainment,2024-09-28,9,2024
TXN463625,U00042,Myntra fashion,2618.15,Shopping,2024-01-10,1,2024
TXN347678,U00042,Health insurance,1276.05,Health,2024-06-03,6,2024
TXN370196,U00042,Concert tickets,2851.03,Entertainment,2024-11-16,11,2024
TXN336540,U00042,Amazon purchase,3307.27,Shopping,2024-05-23,5,2024
TXN243928,U00042,Bus ticket,3145.25,Transport,2024-12-02,12,2024
TXN742198,U00042,Bakery snacks,1846.48,Food,2024-12-13,12,2024
TXN260169,U00042,Doctor consultation,1489.8,Health,2024-10-20,10,2024
TXN570988,U00042,Electronics buy,3188.59,Shopping,2024-06-17,6,2024
TXN709254,U00042,Spotify music,763.31,Entertainment,2024-03-11,3,2024
TXN821978,U00042,Gaming purchase,3025.93,Entertainment,2024-06-07,6,2024
TXN907455,U00042,Eye checkup,3187.99,Health,2024-08-08,8,2024
TXN171108,U00042,Toll charge,3214.04,Transport,2024-06-11,6,2024
TXN293079,U00042,Hotstar subscription,3322.68,Entertainment,2024-03-01,3,2024
TXN534152,U00042,Mobile recharge,2558.42,Bills,2024-06-12,6,2024
TXN874205,U00042,Electronics buy,1578.37,Shopping,2024-11-22,11,2024
TXN237935,U00042,Mobile recharge,2737.92,Bills,2024-02-24,2,2024
TXN746915,U00042,Uber ride,2680.44,Transport,2024-11-09,11,2024
TXN725329,U00042,Cable TV,2006.3,Bills,2024-04-28,4,2024
TXN183336,U00042,Petrol fuel,2421.45,Transport,2024-07-02,7,2024
TXN591534,U00042,Lab test,512.6,Health,2024-11-05,11,2024
TXN615318,U00042,Health insurance,684.72,Health,2024-07-17,7,2024
TXN133795,U00042,Clothes shopping,615.06,Shopping,2024-04-25,4,2024
TXN333365,U00042,Amazon purchase,3242.75,Shopping,2024-07-30,7,2024
TXN285679,U00042,Doctor consultation,2664.33,Health,2024-02-03,2,2024
TXN579770,U00042,Accessories,1740.3,Shopping,2024-06-15,6,2024
TXN737460,U00042,Auto rickshaw,1446.79,Transport,2024-01-22,1,2024
TXN741209,U00042,Yoga class,2534.69,Health,2024-07-20,7,2024
TXN772550,U00042,Vitamin supplements,2098.63,Health,2024-09-25,9,2024
TXN579094,U00042,Hospital visit,1846.24,Health,2024-08-19,8,2024
TXN870881,U00042,Grocery store,1839.52,Food,2024-07-21,7,2024
TXN151690,U00043,Theme park,1830.64,Entertainment,2024-11-18,11,2024
TXN911259,U00043,Rapido bike,1566.46,Transport,2024-06-04,6,2024
TXN742917,U00043,Property tax,624.38,Bills,2024-05-30,5,2024
TXN970206,U00043,Milk dairy,3167.68,Food,2024-08-25,8,2024
TXN218669,U00043,Lab test,362.02,Health,2024-09-13,9,2024
TXN672949,U00043,Toll charge,3285.56,Transport,2024-12-22,12,2024
TXN126122,U00043,Auto rickshaw,1476.78,Transport,2024-08-18,8,2024
TXN311741,U00043,Train ticket,2086.59,Transport,2024-12-30,12,2024
TXN780081,U00043,Flipkart order,912.78,Shopping,2024-12-20,12,2024
TXN195620,U00043,Gym membership,2528.39,Health,2024-03-04,3,2024
TXN649262,U00043,Vegetable market,2237.55,Food,2024-02-13,2,2024
TXN741804,U00043,Yoga class,2557.71,Health,2024-09-18,9,2024
TXN905579,U00043,Auto rickshaw,1948.69,Transport,2024-01-23,1,2024
TXN257380,U00043,Bus ticket,2000.95,Transport,2024-12-03,12,2024
TXN153802,U00043,Metro card recharge,667.09,Transport,2024-12-30,12,2024
TXN402808,U00043,Electronics buy,1117.84,Shopping,2024-08-16,8,2024
TXN312705,U00043,Gym membership,455.56,Health,2024-03-08,3,2024
TXN580921,U00043,Street food,2690.62,Food,2024-01-07,1,2024
TXN737517,U00043,Sports gear,1925.08,Shopping,2024-01-03,1,2024
TXN598820,U00043,Shoes purchase,798.21,Shopping,2024-12-03,12,2024
TXN729252,U00043,Myntra fashion,1574.47,Shopping,2024-11-03,11,2024
TXN684632,U00044,Flight booking,1009.49,Transport,2024-11-17,11,2024
TXN785010,U00044,Uber ride,687.7,Transport,2024-01-29,1,2024
TXN799396,U00044,Electricity bill,551.54,Bills,2024-01-17,1,2024
TXN151413,U00044,Bowling night,1079.62,Entertainment,2024-02-14,2,2024
TXN804737,U00044,Bakery snacks,3478.39,Food,2024-03-23,3,2024
TXN723870,U00044,Cable TV,2330.19,Bills,2024-12-24,12,2024
TXN885734,U00044,Hotstar subscription,662.1,Entertainment,2024-08-21,8,2024
TXN905843,U00044,Amazon Prime,3263.61,Entertainment,2024-02-17,2,2024
TXN960109,U00044,DTH recharge,1321.56,Bills,2024-07-13,7,2024
TXN407057,U00044,Bakery snacks,2959.42,Food,2024-02-03,2,2024
TXN445200,U00044,Clothes shopping,470.98,Shopping,2024-05-20,5,2024
TXN319205,U00044,Theme park,1860.03,Entertainment,2024-12-22,12,2024
TXN654640,U00044,Netflix subscription,427.09,Entertainment,2024-11-18,11,2024
TXN926471,U00044,Vegetable market,2548.06,Food,2024-11-05,11,2024
TXN372273,U00044,Dental checkup,1523.33,Health,2024-06-11,6,2024
TXN236014,U00044,Bowling night,3482.83,Entertainment,2024-06-30,6,2024
TXN621919,U00044,Bowling night,1762.57,Entertainment,2024-11-19,11,2024
TXN843007,U00044,Clothes shopping,3098.64,Shopping,2024-04-29,4,2024
TXN587467,U00044,Water bill,55.45,Bills,2024-01-13,1,2024
TXN938403,U00044,Medicine pharmacy,2594.27,Health,2024-04-16,4,2024
TXN687638,U00045,Myntra fashion,206.95,Shopping,2024-06-28,6,2024
TXN823535,U00045,Doctor consultation,88.98,Health,2024-04-13,4,2024
TXN414870,U00045,Gas cylinder,2776.17,Bills,2024-06-06,6,2024
TXN219366,U00045,Hotstar subscription,1167.54,Entertainment,2024-01-04,1,2024
TXN745915,U00045,Health insurance,1227.7,Health,2024-10-18,10,2024
TXN805139,U00045,Restaurant dinner,719.35,Food,2024-06-22,6,2024
TXN242348,U00045,Sports gear,2800.53,Shopping,2024-11-26,11,2024
TXN451387,U00045,Clothes shopping,2213.84,Shopping,2024-10-01,10,2024
TXN975671,U00045,Myntra fashion,3250.88,Shopping,2024-01-29,1,2024
TXN430828,U00045,Concert tickets,1999.05,Entertainment,2024-12-13,12,2024
TXN818791,U00045,Hotstar subscription,114.58,Entertainment,2024-10-22,10,2024
TXN394083,U00045,DTH recharge,278.43,Bills,2024-03-17,3,2024
TXN660226,U00045,Dominos pizza,3443.48,Food,2024-11-16,11,2024
TXN724103,U00045,Toll charge,2139.63,Transport,2024-04-05,4,2024
TXN844321,U00045,Cafe coffee,2483.17,Food,2024-06-10,6,2024
TXN349185,U00045,Cafe coffee,1477.85,Food,2024-09-11,9,2024
TXN326639,U00045,Property tax,2911.63,Bills,2024-06-03,6,2024
TXN923073,U00045,Concert tickets,653.79,Entertainment,2024-07-10,7,2024
TXN630573,U00045,Grocery store,3201.07,Food,2024-08-15,8,2024
TXN299451,U00045,Vegetable market,3172.1,Food,2024-03-19,3,2024
TXN425434,U00045,Property tax,2576.92,Bills,2024-09-25,9,2024
TXN962074,U00045,Mobile recharge,2704.71,Bills,2024-02-20,2,2024
TXN581682,U00045,Spotify music,757.9,Entertainment,2024-01-19,1,2024
TXN146168,U00045,Household items,449.63,Shopping,2024-06-08,6,2024
TXN589554,U00045,Vitamin supplements,3057.97,Health,2024-06-19,6,2024
TXN881770,U00045,Zomato delivery,1845.99,Food,2024-12-03,12,2024
TXN769883,U00045,Electricity bill,2042.58,Bills,2024-06-08,6,2024
TXN390088,U00045,Bus ticket,741.92,Transport,2024-05-26,5,2024
TXN223365,U00045,Amazon Prime,2716.12,Entertainment,2024-12-09,12,2024
TXN115997,U00045,Mobile recharge,593.36,Bills,2024-02-28,2,2024
TXN668882,U00045,Hotstar subscription,1823.51,Entertainment,2024-04-15,4,2024
TXN838568,U00045,Wifi bill,1148.77,Bills,2024-03-13,3,2024
TXN426503,U00045,Cable TV,894.65,Bills,2024-02-06,2,2024
TXN236392,U00045,Amazon Prime,1914.99,Entertainment,2024-01-26,1,2024
TXN211072,U00045,Vegetable market,3166.36,Food,2024-01-26,1,2024
TXN287677,U00045,Amazon purchase,347.11,Shopping,2024-07-19,7,2024
TXN976792,U00045,Vitamin supplements,3124.9,Health,2024-11-18,11,2024
TXN448475,U00045,Lab test,2176.29,Health,2024-06-08,6,2024
TXN695370,U00045,Flight booking,320.98,Transport,2024-08-26,8,2024
TXN817727,U00046,Vegetable market,385.56,Food,2024-06-07,6,2024
TXN250703,U00046,Lab test,1673.38,Health,2024-04-24,4,2024
TXN292259,U00046,Concert tickets,3199.37,Entertainment,2024-07-19,7,2024
TXN575301,U00046,Health insurance,2771.29,Health,2024-06-15,6,2024
TXN468512,U00046,Amazon purchase,275.51,Shopping,2024-02-27,2,2024
TXN905245,U00046,Sports gear,2967.89,Shopping,2024-05-24,5,2024
TXN207932,U00046,Cable TV,2032.64,Bills,2024-09-17,9,2024
TXN174369,U00046,Flipkart order,1174.25,Shopping,2024-11-28,11,2024
TXN533525,U00046,Wifi bill,1640.36,Bills,2024-10-29,10,2024
TXN605806,U00046,Toll charge,890.73,Transport,2024-03-22,3,2024
TXN719677,U00046,Flipkart order,1225.46,Shopping,2024-12-21,12,2024
TXN670977,U00046,Myntra fashion,2006.88,Shopping,2024-06-24,6,2024
TXN181678,U00046,Doctor consultation,647.14,Health,2024-12-08,12,2024
TXN720928,U00046,Vitamin supplements,2936.78,Health,2024-02-28,2,2024
TXN961953,U00046,Books purchase,1172.55,Entertainment,2024-02-19,2,2024
TXN172988,U00046,Clothes shopping,1112.72,Shopping,2024-07-26,7,2024
TXN908812,U00046,Movie tickets,2415.0,Entertainment,2024-11-01,11,2024
TXN164468,U00046,Mall shopping,1755.32,Shopping,2024-12-04,12,2024
TXN891662,U00046,Grocery store,2868.77,Food,2024-10-24,10,2024
TXN256464,U00046,Hospital visit,2661.92,Health,2024-12-04,12,2024
TXN706005,U00046,Household items,1055.69,Shopping,2024-11-11,11,2024
TXN414295,U00046,Shoes purchase,759.53,Shopping,2024-06-11,6,2024
TXN852658,U00046,Concert tickets,3218.83,Entertainment,2024-08-10,8,2024
TXN635218,U00046,Internet broadband,2060.41,Bills,2024-11-09,11,2024
TXN155708,U00047,Rapido bike,265.32,Transport,2024-10-08,10,2024
TXN215027,U00047,Milk dairy,2881.6,Food,2024-07-02,7,2024
TXN718831,U00047,Electricity bill,861.58,Bills,2024-12-25,12,2024
TXN500099,U00047,Mall shopping,2505.62,Shopping,2024-07-26,7,2024
TXN597938,U00047,Household items,778.7,Shopping,2024-03-29,3,2024
TXN980764,U00047,Petrol fuel,1966.2,Transport,2024-07-03,7,2024
TXN231647,U00047,Clothes shopping,1045.22,Shopping,2024-12-09,12,2024
TXN250990,U00047,Uber ride,297.52,Transport,2024-01-09,1,2024
TXN188776,U00047,Lab test,2319.85,Health,2024-03-10,3,2024
TXN733790,U00047,Auto rickshaw,3017.53,Transport,2024-12-22,12,2024
TXN544726,U00047,Accessories,670.3,Shopping,2024-09-17,9,2024
TXN294816,U00047,Books purchase,1377.27,Entertainment,2024-04-25,4,2024
TXN987938,U00047,Accessories,75.63,Shopping,2024-09-12,9,2024
TXN530794,U00047,Doctor consultation,2506.85,Health,2024-05-17,5,2024
TXN695748,U00047,Bowling night,1316.05,Entertainment,2024-01-20,1,2024
TXN824038,U00047,Mall shopping,440.42,Shopping,2024-09-03,9,2024
TXN887042,U00047,Restaurant dinner,2569.14,Food,2024-09-26,9,2024
TXN739705,U00047,Property tax,1833.48,Bills,2024-09-24,9,2024
TXN801200,U00047,Grocery store,1679.96,Food,2024-12-05,12,2024
TXN742818,U00047,Milk dairy,2803.44,Food,2024-06-08,6,2024
TXN591644,U00047,Dominos pizza,1895.86,Food,2024-01-06,1,2024
TXN869460,U00047,Household items,3175.89,Shopping,2024-10-20,10,2024
TXN403257,U00047,Insurance premium,1267.56,Bills,2024-05-30,5,2024
TXN885829,U00047,Uber ride,2447.93,Transport,2024-11-01,11,2024
TXN596144,U00047,Cable TV,948.53,Bills,2024-11-18,11,2024
TXN405925,U00047,Spotify music,2026.37,Entertainment,2024-12-02,12,2024
TXN186518,U00047,Vitamin supplements,144.18,Health,2024-09-05,9,2024
TXN364294,U00047,Flight booking,315.17,Transport,2024-05-22,5,2024
TXN114892,U00047,Toll charge,1019.35,Transport,2024-05-11,5,2024
TXN874863,U00047,Medicine pharmacy,2133.18,Health,2024-10-29,10,2024
TXN373943,U00047,Train ticket,1325.7,Transport,2024-03-30,3,2024
TXN134697,U00047,Doctor consultation,1722.97,Health,2024-09-27,9,2024
TXN978302,U00048,Restaurant dinner,2104.63,Food,2024-03-19,3,2024
TXN792759,U00048,Myntra fashion,2707.77,Shopping,2024-05-01,5,2024
TXN156964,U00048,Clothes shopping,777.46,Shopping,2024-06-25,6,2024
TXN155074,U00048,Dental checkup,2656.42,Health,2024-02-29,2,2024
TXN599401,U00048,Train ticket,1425.67,Transport,2024-06-03,6,2024
TXN839883,U00048,Eye checkup,856.13,Health,2024-12-15,12,2024
TXN555851,U00048,Sports gear,956.06,Shopping,2024-09-28,9,2024
TXN500560,U00048,Cafe coffee,3248.92,Food,2024-08-17,8,2024
TXN143010,U00048,Health insurance,3368.08,Health,2024-12-15,12,2024
TXN740140,U00048,Milk dairy,2249.11,Food,2024-08-09,8,2024
TXN941289,U00048,Dental checkup,1205.64,Health,2024-05-16,5,2024
TXN583507,U00048,Cafe coffee,2307.48,Food,2024-07-19,7,2024
TXN907924,U00048,Doctor consultation,2583.38,Health,2024-10-28,10,2024
TXN288656,U00048,Flight booking,1214.05,Transport,2024-12-19,12,2024
TXN972089,U00048,Wifi bill,86.49,Bills,2024-01-05,1,2024
TXN208954,U00048,Swiggy order,1468.81,Food,2024-09-25,9,2024
TXN364132,U00048,Lab test,1262.73,Health,2024-05-25,5,2024
TXN159645,U00048,Uber ride,131.77,Transport,2024-02-17,2,2024
TXN227706,U00048,Gaming purchase,3329.19,Entertainment,2024-11-22,11,2024
TXN236217,U00048,Medicine pharmacy,348.03,Health,2024-11-05,11,2024
TXN216229,U00048,Accessories,2821.04,Shopping,2024-04-04,4,2024
TXN792561,U00048,Gym membership,924.01,Health,2024-08-27,8,2024
TXN906731,U00048,Vegetable market,3233.3,Food,2024-05-21,5,2024
TXN390756,U00048,Mall shopping,937.81,Shopping,2024-02-07,2,2024
TXN370782,U00048,Bakery snacks,1390.64,Food,2024-01-31,1,2024
TXN310416,U00048,Mobile recharge,1569.98,Bills,2024-09-08,9,2024
TXN213697,U00048,Theme park,665.63,Entertainment,2024-09-08,9,2024
TXN743790,U00048,Flight booking,2702.04,Transport,2024-04-21,4,2024
TXN208304,U00048,Medicine pharmacy,3198.5,Health,2024-05-12,5,2024
TXN914992,U00048,Zomato delivery,292.92,Food,2024-05-08,5,2024
TXN100909,U00049,Vegetable market,563.55,Food,2024-11-23,11,2024
TXN445852,U00049,Bakery snacks,969.21,Food,2024-12-24,12,2024
TXN908442,U00049,Accessories,62.78,Shopping,2024-12-28,12,2024
TXN666366,U00049,Sports gear,1554.4,Shopping,2024-02-05,2,2024
TXN957710,U00049,Uber ride,1376.26,Transport,2024-12-18,12,2024
TXN449636,U00049,Flipkart order,2006.99,Shopping,2024-07-02,7,2024
TXN778506,U00049,Dental checkup,1432.12,Health,2024-11-19,11,2024
TXN184365,U00049,Dominos pizza,1894.46,Food,2024-06-23,6,2024
TXN681409,U00049,Electronics buy,2284.88,Shopping,2024-03-31,3,2024
TXN829685,U00049,Bakery snacks,2329.53,Food,2024-06-02,6,2024
TXN610135,U00049,Flipkart order,2225.63,Shopping,2024-07-02,7,2024
TXN137432,U00049,Vegetable market,2586.87,Food,2024-03-12,3,2024
TXN350069,U00049,Uber ride,2533.1,Transport,2024-10-30,10,2024
TXN774661,U00049,Myntra fashion,267.32,Shopping,2024-10-03,10,2024
TXN117215,U00049,Property tax,1892.09,Bills,2024-08-18,8,2024
TXN525205,U00049,Dominos pizza,243.39,Food,2024-01-22,1,2024
TXN648530,U00049,Grocery store,2834.51,Food,2024-12-07,12,2024
TXN344303,U00049,Household items,563.89,Shopping,2024-10-23,10,2024
TXN785592,U00049,Swiggy order,2587.34,Food,2024-09-07,9,2024
TXN148026,U00049,Vegetable market,3179.77,Food,2024-11-12,11,2024
TXN152384,U00049,Metro card recharge,99.56,Transport,2024-11-19,11,2024
TXN975930,U00049,Internet broadband,1623.84,Bills,2024-03-28,3,2024
TXN219726,U00049,Movie tickets,2871.41,Entertainment,2024-02-24,2,2024
TXN166175,U00049,Accessories,2807.15,Shopping,2024-04-22,4,2024
TXN521536,U00049,Auto rickshaw,1213.83,Transport,2024-12-13,12,2024
TXN672401,U00049,Internet broadband,3416.69,Bills,2024-10-21,10,2024
TXN901351,U00049,Bus ticket,2935.67,Transport,2024-04-19,4,2024
TXN226610,U00049,Street food,648.39,Food,2024-02-02,2,2024
TXN830119,U00049,Mobile recharge,2663.55,Bills,2024-03-27,3,2024
TXN710256,U00049,Wifi bill,619.27,Bills,2024-05-04,5,2024
TXN742191,U00049,Restaurant dinner,394.89,Food,2024-11-19,11,2024
TXN184643,U00049,Clothes shopping,103.92,Shopping,2024-09-06,9,2024
TXN841071,U00049,Swiggy order,668.97,Food,2024-02-15,2,2024
TXN827191,U00049,Vitamin supplements,3109.86,Health,2024-08-01,8,2024
TXN384111,U00050,Gym membership,761.25,Health,2024-11-23,11,2024
TXN740195,U00050,Books purchase,1471.51,Entertainment,2024-03-30,3,2024
TXN741780,U00050,Hospital visit,2107.14,Health,2024-09-12,9,2024
TXN684801,U00050,Cafe coffee,1250.09,Food,2024-01-03,1,2024
TXN200331,U00050,Petrol fuel,455.4,Transport,2024-09-28,9,2024
TXN632195,U00050,Amazon Prime,3026.42,Entertainment,2024-10-03,10,2024
TXN318217,U00050,Train ticket,2707.64,Transport,2024-12-03,12,2024
TXN818530,U00050,Electricity bill,718.33,Bills,2024-03-17,3,2024
TXN145209,U00050,Sports gear,658.32,Shopping,2024-12-09,12,2024
TXN363592,U00050,Dominos pizza,1033.47,Food,2024-08-10,8,2024
TXN145421,U00050,Cable TV,2827.78,Bills,2024-08-20,8,2024
TXN265722,U00050,Swiggy order,3240.77,Food,2024-03-31,3,2024
TXN346729,U00050,Vegetable market,1826.42,Food,2024-02-06,2,2024
TXN539422,U00050,Lab test,2094.84,Health,2024-06-15,6,2024
TXN441974,U00050,Bus ticket,843.72,Transport,2024-02-26,2,2024
TXN309668,U00050,Ola cab,868.06,Transport,2024-07-30,7,2024
TXN607938,U00050,Shoes purchase,303.68,Shopping,2024-10-26,10,2024
TXN577092,U00050,Bakery snacks,550.05,Food,2024-11-08,11,2024
TXN854787,U00050,Auto rickshaw,1338.52,Transport,2024-08-22,8,2024
TXN452207,U00050,Bus ticket,3415.67,Transport,2024-04-13,4,2024
TXN394234,U00050,Uber ride,2438.13,Transport,2024-01-31,1,2024
TXN538539,U00050,Ola cab,2988.2,Transport,2024-08-22,8,2024
TXN732958,U00050,Bus ticket,808.49,Transport,2024-05-31,5,2024
TXN679606,U00050,Toll charge,3174.24,Transport,2024-10-22,10,2024
TXN612977,U00050,Ola cab,1470.35,Transport,2024-09-24,9,2024
TXN392731,U00050,Toll charge,1683.54,Transport,2024-08-24,8,2024
TXN359870,U00050,Bakery snacks,2589.82,Food,2024-05-06,5,2024
TXN256206,U00050,Insurance premium,2049.16,Bills,2024-10-29,10,2024
TXN142004,U00050,Netflix subscription,1491.31,Entertainment,2024-01-23,1,2024
TXN513474,U00050,Household items,165.99,Shopping,2024-09-28,9,2024
TXN187127,U00050,Flipkart order,1610.92,Shopping,2024-05-03,5,2024
TXN328596,U00050,Netflix subscription,2441.4,Entertainment,2024-07-27,7,2024
TXN195136,U00050,Bus ticket,1070.48,Transport,2024-11-27,11,2024
TXN837468,U00050,Vegetable market,2358.17,Food,2024-03-23,3,2024
TXN576935,U00050,Accessories,2628.14,Shopping,2024-01-13,1,2024
